feature,gain,share
prof4,826560.702972889,0.6148436850909261
r2,114272.09651327133,0.08500219847203432
lag0,50640.07783317566,0.03766902050418708
horizon,37682.11354351044,0.028030136770083754
t_how,31676.48852443695,0.02356280532700822
growth,28829.212065696716,0.021444836321140893
t_hour,28754.02657365799,0.021388909001073295
fullness,22371.582847118378,0.016641277996360757
r3,19595.49590396881,0.014576263872026238
r4,18225.687546253204,0.013557321142838885
last_same_hour,15865.602583408356,0.011801753366069314
workload,15790.20619726181,0.011745669170759582
lag167,15221.265264034271,0.011322457979220315
t_hol,14454.654412269592,0.010752208462839485
roll24_mean,13509.938253879547,0.010049473912188423
sku_class,11624.514657020569,0.008646986728753832
roll24_min,10448.195137500763,0.007771972194885208
o_hour,10055.879046916962,0.007480144782830123
prof_hol_n,7812.215281486511,0.005811177830154309
geo,7784.015700817108,0.005790201350103378
t_dow,7648.673495769501,0.005689525985546962
roll24_max,7360.6401352882385,0.005475270103129055
lag335,4087.9683532714844,0.0030408674375885076
sn168,3406.7551527023315,0.002534141636247986
roll24_std,2639.6125054359436,0.001963496539597238
lag23,2473.395332813263,0.001839854587381085
roll6,2434.426878452301,0.0018108675958686453
lag1,2195.5244822502136,0.0016331581679589545
sn_hour_shift,2004.954170703888,0.001491400941661309
lag3,1954.435658454895,0.0014538223486738069
lag11,1937.0775136947632,0.001440910356061195
lag71,1801.674621105194,0.0013401898485989959
lag5,1252.1224403381348,0.0009314011331939565
lag47,1050.3365025520325,0.0007813010750352457
lag2,588.9994468688965,0.00043813187479984473
sn_hol,332.26790046691895,0.00024716009317370883
