pool_id,ts_utc,horizon_h,local_hour,p50,p80,p95
pool-eastus-01-intel-icx,2026-09-21T00:00:00Z,1,20,6155.0,6299.4,6502.0
pool-eastus-01-intel-icx,2026-09-21T01:00:00Z,2,21,6103.3,6269.6,6496.9
pool-eastus-01-intel-icx,2026-09-21T02:00:00Z,3,22,6107.0,6289.7,6499.7
pool-eastus-01-intel-icx,2026-09-21T03:00:00Z,4,23,6116.8,6298.9,6511.3
pool-eastus-01-intel-icx,2026-09-21T04:00:00Z,5,0,7086.5,7291.2,7481.4
pool-eastus-01-intel-icx,2026-09-21T05:00:00Z,6,1,7286.7,7507.3,7596.8
pool-eastus-01-intel-icx,2026-09-21T06:00:00Z,7,2,7283.1,7514.7,7639.8
pool-eastus-01-intel-icx,2026-09-21T07:00:00Z,8,3,7196.1,7443.0,7586.6
pool-eastus-01-intel-icx,2026-09-21T08:00:00Z,9,4,7088.7,7342.5,7488.6
pool-eastus-01-intel-icx,2026-09-21T09:00:00Z,10,5,7166.9,7373.3,7518.8
pool-eastus-01-intel-icx,2026-09-21T10:00:00Z,11,6,7345.9,7503.3,7674.7
pool-eastus-01-intel-icx,2026-09-21T11:00:00Z,12,7,7578.6,7732.5,7877.8
pool-eastus-01-intel-icx,2026-09-21T12:00:00Z,13,8,7726.4,7882.7,8004.8
pool-eastus-01-intel-icx,2026-09-21T13:00:00Z,14,9,7946.0,8062.3,8153.9
pool-eastus-01-intel-icx,2026-09-21T14:00:00Z,15,10,8064.8,8178.4,8387.9
pool-eastus-01-intel-icx,2026-09-21T15:00:00Z,16,11,8252.0,8382.1,8493.1
pool-eastus-01-intel-icx,2026-09-21T16:00:00Z,17,12,8439.8,8524.1,8657.1
pool-eastus-01-intel-icx,2026-09-21T17:00:00Z,18,13,8392.5,8582.9,8674.5
pool-eastus-01-intel-icx,2026-09-21T18:00:00Z,19,14,8271.4,8404.5,8502.2
pool-eastus-01-intel-icx,2026-09-21T19:00:00Z,20,15,8067.2,8143.7,8294.1
pool-eastus-01-intel-icx,2026-09-21T20:00:00Z,21,16,7850.1,7938.5,8044.8
pool-eastus-01-intel-icx,2026-09-21T21:00:00Z,22,17,7653.3,7796.8,7886.4
pool-eastus-01-intel-icx,2026-09-21T22:00:00Z,23,18,7557.3,7695.0,7774.6
pool-eastus-01-intel-icx,2026-09-21T23:00:00Z,24,19,7419.9,7607.2,7703.3
pool-eastus-01-intel-icx,2026-09-22T00:00:00Z,25,20,7335.0,7489.7,7584.5
pool-eastus-01-intel-icx,2026-09-22T01:00:00Z,26,21,7298.5,7467.7,7560.0
pool-eastus-01-intel-icx,2026-09-22T02:00:00Z,27,22,7280.2,7437.2,7542.8
pool-eastus-01-intel-icx,2026-09-22T03:00:00Z,28,23,7288.4,7430.3,7556.3
pool-eastus-01-intel-icx,2026-09-22T04:00:00Z,29,0,7448.6,7621.2,7820.0
pool-eastus-01-intel-icx,2026-09-22T05:00:00Z,30,1,7614.2,7769.4,7929.1
pool-eastus-01-intel-icx,2026-09-22T06:00:00Z,31,2,7633.2,7796.1,7952.5
pool-eastus-01-intel-icx,2026-09-22T07:00:00Z,32,3,7520.6,7666.0,7846.9
pool-eastus-01-intel-icx,2026-09-22T08:00:00Z,33,4,7467.6,7658.0,7812.7
pool-eastus-01-intel-icx,2026-09-22T09:00:00Z,34,5,7540.8,7681.9,7826.1
pool-eastus-01-intel-icx,2026-09-22T10:00:00Z,35,6,7631.3,7814.3,8040.1
pool-eastus-01-intel-icx,2026-09-22T11:00:00Z,36,7,7805.3,7989.4,8223.9
pool-eastus-01-intel-icx,2026-09-22T12:00:00Z,37,8,7954.4,8141.8,8371.0
pool-eastus-01-intel-icx,2026-09-22T13:00:00Z,38,9,8133.5,8327.5,8487.2
pool-eastus-01-intel-icx,2026-09-22T14:00:00Z,39,10,8316.1,8520.6,8654.5
pool-eastus-01-intel-icx,2026-09-22T15:00:00Z,40,11,8470.3,8663.9,8838.7
pool-eastus-01-intel-icx,2026-09-22T16:00:00Z,41,12,8485.8,8688.6,8875.4
pool-eastus-01-intel-icx,2026-09-22T17:00:00Z,42,13,8482.4,8688.6,8882.6
pool-eastus-01-intel-icx,2026-09-22T18:00:00Z,43,14,8459.5,8662.3,8839.7
pool-eastus-01-intel-icx,2026-09-22T19:00:00Z,44,15,8286.5,8500.9,8713.1
pool-eastus-01-intel-icx,2026-09-22T20:00:00Z,45,16,8115.7,8336.7,8584.6
pool-eastus-01-intel-icx,2026-09-22T21:00:00Z,46,17,7883.4,8079.7,8212.1
pool-eastus-01-intel-icx,2026-09-22T22:00:00Z,47,18,7694.2,7881.8,8011.3
pool-eastus-01-intel-icx,2026-09-22T23:00:00Z,48,19,7484.5,7632.6,7783.8
pool-eastus-01-intel-icx,2026-09-23T00:00:00Z,49,20,7432.6,7568.6,7747.4
pool-eastus-01-intel-icx,2026-09-23T01:00:00Z,50,21,7367.1,7505.5,7706.0
pool-eastus-01-intel-icx,2026-09-23T02:00:00Z,51,22,7338.8,7455.0,7651.4
pool-eastus-01-intel-icx,2026-09-23T03:00:00Z,52,23,7351.2,7458.3,7659.4
pool-eastus-01-intel-icx,2026-09-23T04:00:00Z,53,0,7419.9,7571.3,7751.4
pool-eastus-01-intel-icx,2026-09-23T05:00:00Z,54,1,7624.6,7766.5,7929.8
pool-eastus-01-intel-icx,2026-09-23T06:00:00Z,55,2,7641.2,7763.8,7929.8
pool-eastus-01-intel-icx,2026-09-23T07:00:00Z,56,3,7525.7,7692.3,7884.9
pool-eastus-01-intel-icx,2026-09-23T08:00:00Z,57,4,7461.3,7646.4,7817.1
pool-eastus-01-intel-icx,2026-09-23T09:00:00Z,58,5,7495.8,7679.3,7821.1
pool-eastus-01-intel-icx,2026-09-23T10:00:00Z,59,6,7615.6,7769.2,7959.6
pool-eastus-01-intel-icx,2026-09-23T11:00:00Z,60,7,7738.2,7927.3,8098.1
pool-eastus-01-intel-icx,2026-09-23T12:00:00Z,61,8,7864.2,8086.7,8165.6
pool-eastus-01-intel-icx,2026-09-23T13:00:00Z,62,9,8006.2,8179.4,8382.3
pool-eastus-01-intel-icx,2026-09-23T14:00:00Z,63,10,8156.7,8313.2,8513.0
pool-eastus-01-intel-icx,2026-09-23T15:00:00Z,64,11,8410.3,8596.3,8753.6
pool-eastus-01-intel-icx,2026-09-23T16:00:00Z,65,12,8449.5,8636.3,8849.8
pool-eastus-01-intel-icx,2026-09-23T17:00:00Z,66,13,8447.9,8629.9,8823.9
pool-eastus-01-intel-icx,2026-09-23T18:00:00Z,67,14,8416.3,8615.7,8795.4
pool-eastus-01-intel-icx,2026-09-23T19:00:00Z,68,15,8240.4,8395.0,8667.8
pool-eastus-01-intel-icx,2026-09-23T20:00:00Z,69,16,8093.9,8218.2,8445.3
pool-eastus-01-intel-icx,2026-09-23T21:00:00Z,70,17,7888.9,8087.8,8239.0
pool-eastus-01-intel-icx,2026-09-23T22:00:00Z,71,18,7774.2,8001.3,8088.9
pool-eastus-01-intel-icx,2026-09-23T23:00:00Z,72,19,7532.2,7715.2,7839.7
pool-eastus-01-intel-icx,2026-09-24T00:00:00Z,73,20,7441.2,7579.6,7759.8
pool-eastus-01-intel-icx,2026-09-24T01:00:00Z,74,21,7309.4,7461.6,7653.6
pool-eastus-01-intel-icx,2026-09-24T02:00:00Z,75,22,7310.9,7428.8,7625.3
pool-eastus-01-intel-icx,2026-09-24T03:00:00Z,76,23,7343.9,7463.0,7663.6
pool-eastus-01-intel-icx,2026-09-24T04:00:00Z,77,0,7417.2,7627.2,7864.9
pool-eastus-01-intel-icx,2026-09-24T05:00:00Z,78,1,7522.4,7711.3,7905.7
pool-eastus-01-intel-icx,2026-09-24T06:00:00Z,79,2,7503.5,7704.0,7872.6
pool-eastus-01-intel-icx,2026-09-24T07:00:00Z,80,3,7383.0,7586.2,7792.2
pool-eastus-01-intel-icx,2026-09-24T08:00:00Z,81,4,7322.6,7501.9,7717.3
pool-eastus-01-intel-icx,2026-09-24T09:00:00Z,82,5,7316.2,7513.3,7715.1
pool-eastus-01-intel-icx,2026-09-24T10:00:00Z,83,6,7415.4,7613.9,7816.0
pool-eastus-01-intel-icx,2026-09-24T11:00:00Z,84,7,7572.9,7809.1,7976.0
pool-eastus-01-intel-icx,2026-09-24T12:00:00Z,85,8,7811.4,7995.6,8117.6
pool-eastus-01-intel-icx,2026-09-24T13:00:00Z,86,9,7990.9,8162.9,8405.9
pool-eastus-01-intel-icx,2026-09-24T14:00:00Z,87,10,8199.4,8350.8,8614.1
pool-eastus-01-intel-icx,2026-09-24T15:00:00Z,88,11,8330.8,8517.6,8714.8
pool-eastus-01-intel-icx,2026-09-24T16:00:00Z,89,12,8351.9,8527.2,8756.8
pool-eastus-01-intel-icx,2026-09-24T17:00:00Z,90,13,8351.9,8527.2,8756.8
pool-eastus-01-intel-icx,2026-09-24T18:00:00Z,91,14,8268.5,8501.2,8705.5
pool-eastus-01-intel-icx,2026-09-24T19:00:00Z,92,15,8171.3,8324.3,8620.9
pool-eastus-01-intel-icx,2026-09-24T20:00:00Z,93,16,7947.7,8182.8,8370.1
pool-eastus-01-intel-icx,2026-09-24T21:00:00Z,94,17,7823.9,8064.3,8206.8
pool-eastus-01-intel-icx,2026-09-24T22:00:00Z,95,18,7637.2,7854.7,8026.6
pool-eastus-01-intel-icx,2026-09-24T23:00:00Z,96,19,7441.6,7631.0,7808.9
pool-eastus-01-intel-icx,2026-09-25T00:00:00Z,97,20,7382.9,7553.5,7760.4
pool-eastus-01-intel-icx,2026-09-25T01:00:00Z,98,21,7334.3,7459.0,7674.7
pool-eastus-01-intel-icx,2026-09-25T02:00:00Z,99,22,7216.6,7363.5,7600.9
pool-eastus-01-intel-icx,2026-09-25T03:00:00Z,100,23,7219.0,7361.8,7584.5
pool-eastus-01-intel-icx,2026-09-25T04:00:00Z,101,0,7132.4,7303.2,7522.4
pool-eastus-01-intel-icx,2026-09-25T05:00:00Z,102,1,7206.3,7356.0,7587.2
pool-eastus-01-intel-icx,2026-09-25T06:00:00Z,103,2,7209.9,7364.6,7588.0
pool-eastus-01-intel-icx,2026-09-25T07:00:00Z,104,3,7131.8,7291.9,7520.8
pool-eastus-01-intel-icx,2026-09-25T08:00:00Z,105,4,7079.1,7258.2,7470.4
pool-eastus-01-intel-icx,2026-09-25T09:00:00Z,106,5,7133.1,7302.8,7526.3
pool-eastus-01-intel-icx,2026-09-25T10:00:00Z,107,6,7225.9,7411.2,7678.5
pool-eastus-01-intel-icx,2026-09-25T11:00:00Z,108,7,7389.2,7553.3,7768.0
pool-eastus-01-intel-icx,2026-09-25T12:00:00Z,109,8,7642.8,7793.3,7982.3
pool-eastus-01-intel-icx,2026-09-25T13:00:00Z,110,9,7751.2,7967.1,8165.4
pool-eastus-01-intel-icx,2026-09-25T14:00:00Z,111,10,7913.3,8094.4,8321.8
pool-eastus-01-intel-icx,2026-09-25T15:00:00Z,112,11,7985.5,8145.1,8415.4
pool-eastus-01-intel-icx,2026-09-25T16:00:00Z,113,12,8050.7,8215.8,8446.6
pool-eastus-01-intel-icx,2026-09-25T17:00:00Z,114,13,7995.5,8196.4,8463.5
pool-eastus-01-intel-icx,2026-09-25T18:00:00Z,115,14,7950.1,8116.1,8407.1
pool-eastus-01-intel-icx,2026-09-25T19:00:00Z,116,15,7821.3,8024.5,8212.9
pool-eastus-01-intel-icx,2026-09-25T20:00:00Z,117,16,7624.3,7865.6,8024.1
pool-eastus-01-intel-icx,2026-09-25T21:00:00Z,118,17,7435.4,7644.1,7837.5
pool-eastus-01-intel-icx,2026-09-25T22:00:00Z,119,18,7391.0,7562.0,7755.5
pool-eastus-01-intel-icx,2026-09-25T23:00:00Z,120,19,7293.2,7459.6,7685.7
pool-eastus-01-intel-icx,2026-09-26T00:00:00Z,121,20,7176.2,7324.2,7590.3
pool-eastus-01-intel-icx,2026-09-26T01:00:00Z,122,21,7103.4,7249.9,7506.5
pool-eastus-01-intel-icx,2026-09-26T02:00:00Z,123,22,7085.7,7228.0,7488.5
pool-eastus-01-intel-icx,2026-09-26T03:00:00Z,124,23,7083.0,7241.8,7498.7
pool-eastus-01-intel-icx,2026-09-26T04:00:00Z,125,0,6555.8,6762.6,7102.8
pool-eastus-01-intel-icx,2026-09-26T05:00:00Z,126,1,6696.6,6953.7,7206.4
pool-eastus-01-intel-icx,2026-09-26T06:00:00Z,127,2,6625.9,6845.3,7114.2
pool-eastus-01-intel-icx,2026-09-26T07:00:00Z,128,3,6540.0,6728.2,7012.2
pool-eastus-01-intel-icx,2026-09-26T08:00:00Z,129,4,6438.9,6661.0,6912.1
pool-eastus-01-intel-icx,2026-09-26T09:00:00Z,130,5,6510.4,6694.1,6985.9
pool-eastus-01-intel-icx,2026-09-26T10:00:00Z,131,6,6588.2,6806.4,7126.9
pool-eastus-01-intel-icx,2026-09-26T11:00:00Z,132,7,6644.0,6839.8,7170.4
pool-eastus-01-intel-icx,2026-09-26T12:00:00Z,133,8,6989.0,7157.2,7437.1
pool-eastus-01-intel-icx,2026-09-26T13:00:00Z,134,9,7147.7,7389.1,7615.7
pool-eastus-01-intel-icx,2026-09-26T14:00:00Z,135,10,7344.7,7533.4,7746.2
pool-eastus-01-intel-icx,2026-09-26T15:00:00Z,136,11,7423.5,7617.0,7861.4
pool-eastus-01-intel-icx,2026-09-26T16:00:00Z,137,12,7602.8,7868.2,8131.6
pool-eastus-01-intel-icx,2026-09-26T17:00:00Z,138,13,7586.9,7813.6,8008.4
pool-eastus-01-intel-icx,2026-09-26T18:00:00Z,139,14,7448.6,7614.0,7876.2
pool-eastus-01-intel-icx,2026-09-26T19:00:00Z,140,15,7277.8,7491.0,7695.2
pool-eastus-01-intel-icx,2026-09-26T20:00:00Z,141,16,7078.0,7319.8,7557.4
pool-eastus-01-intel-icx,2026-09-26T21:00:00Z,142,17,6891.8,7065.5,7318.5
pool-eastus-01-intel-icx,2026-09-26T22:00:00Z,143,18,6721.0,6930.2,7249.8
pool-eastus-01-intel-icx,2026-09-26T23:00:00Z,144,19,6586.0,6750.9,7042.9
pool-eastus-01-intel-icx,2026-09-27T00:00:00Z,145,20,6498.6,6669.7,6910.3
pool-eastus-01-intel-icx,2026-09-27T01:00:00Z,146,21,6504.0,6656.7,6859.3
pool-eastus-01-intel-icx,2026-09-27T02:00:00Z,147,22,6404.2,6585.1,6798.5
pool-eastus-01-intel-icx,2026-09-27T03:00:00Z,148,23,6425.6,6614.8,6807.2
pool-eastus-01-intel-icx,2026-09-27T04:00:00Z,149,0,6308.3,6549.5,6773.4
pool-eastus-01-intel-icx,2026-09-27T05:00:00Z,150,1,6520.0,6703.1,6966.4
pool-eastus-01-intel-icx,2026-09-27T06:00:00Z,151,2,6505.2,6692.9,6950.7
pool-eastus-01-intel-icx,2026-09-27T07:00:00Z,152,3,6315.4,6543.6,6788.0
pool-eastus-01-intel-icx,2026-09-27T08:00:00Z,153,4,6272.0,6538.8,6706.0
pool-eastus-01-intel-icx,2026-09-27T09:00:00Z,154,5,6295.1,6549.5,6787.0
pool-eastus-01-intel-icx,2026-09-27T10:00:00Z,155,6,6393.6,6607.7,6831.1
pool-eastus-01-intel-icx,2026-09-27T11:00:00Z,156,7,6578.9,6793.8,7039.9
pool-eastus-01-intel-icx,2026-09-27T12:00:00Z,157,8,6748.2,6939.4,7167.2
pool-eastus-01-intel-icx,2026-09-27T13:00:00Z,158,9,6981.2,7169.3,7394.3
pool-eastus-01-intel-icx,2026-09-27T14:00:00Z,159,10,7067.7,7266.0,7447.1
pool-eastus-01-intel-icx,2026-09-27T15:00:00Z,160,11,7129.7,7329.2,7536.2
pool-eastus-01-intel-icx,2026-09-27T16:00:00Z,161,12,7149.3,7360.1,7564.5
pool-eastus-01-intel-icx,2026-09-27T17:00:00Z,162,13,7147.2,7359.7,7566.0
pool-eastus-01-intel-icx,2026-09-27T18:00:00Z,163,14,7116.9,7342.7,7566.2
pool-eastus-01-intel-icx,2026-09-27T19:00:00Z,164,15,7002.6,7213.0,7419.7
pool-eastus-01-intel-icx,2026-09-27T20:00:00Z,165,16,6834.5,7009.3,7243.8
pool-eastus-01-intel-icx,2026-09-27T21:00:00Z,166,17,6651.8,6844.6,7033.9
pool-eastus-01-intel-icx,2026-09-27T22:00:00Z,167,18,6584.6,6748.6,6975.0
pool-eastus-01-intel-icx,2026-09-27T23:00:00Z,168,19,6327.8,6558.7,6673.6
pool-westeurope-01-amd-genoa,2026-09-21T00:00:00Z,1,2,6135.4,6223.0,6303.5
pool-westeurope-01-amd-genoa,2026-09-21T01:00:00Z,2,3,6069.6,6161.8,6268.1
pool-westeurope-01-amd-genoa,2026-09-21T02:00:00Z,3,4,6011.6,6158.3,6279.4
pool-westeurope-01-amd-genoa,2026-09-21T03:00:00Z,4,5,6000.0,6119.6,6246.4
pool-westeurope-01-amd-genoa,2026-09-21T04:00:00Z,5,6,6106.5,6203.7,6333.1
pool-westeurope-01-amd-genoa,2026-09-21T05:00:00Z,6,7,6225.7,6304.1,6430.9
pool-westeurope-01-amd-genoa,2026-09-21T06:00:00Z,7,8,6325.2,6417.3,6513.1
pool-westeurope-01-amd-genoa,2026-09-21T07:00:00Z,8,9,6429.9,6586.0,6733.3
pool-westeurope-01-amd-genoa,2026-09-21T08:00:00Z,9,10,6572.9,6739.4,6852.6
pool-westeurope-01-amd-genoa,2026-09-21T09:00:00Z,10,11,6735.6,6893.2,6999.3
pool-westeurope-01-amd-genoa,2026-09-21T10:00:00Z,11,12,6774.9,6933.8,7049.1
pool-westeurope-01-amd-genoa,2026-09-21T11:00:00Z,12,13,6780.0,6933.7,7034.5
pool-westeurope-01-amd-genoa,2026-09-21T12:00:00Z,13,14,6670.9,6869.8,6935.0
pool-westeurope-01-amd-genoa,2026-09-21T13:00:00Z,14,15,6576.7,6729.7,6859.2
pool-westeurope-01-amd-genoa,2026-09-21T14:00:00Z,15,16,6424.4,6587.1,6717.2
pool-westeurope-01-amd-genoa,2026-09-21T15:00:00Z,16,17,6280.5,6410.5,6517.0
pool-westeurope-01-amd-genoa,2026-09-21T16:00:00Z,17,18,6165.5,6291.4,6437.9
pool-westeurope-01-amd-genoa,2026-09-21T17:00:00Z,18,19,6071.0,6204.9,6296.5
pool-westeurope-01-amd-genoa,2026-09-21T18:00:00Z,19,20,5971.6,6118.2,6245.0
pool-westeurope-01-amd-genoa,2026-09-21T19:00:00Z,20,21,5929.2,6089.8,6211.7
pool-westeurope-01-amd-genoa,2026-09-21T20:00:00Z,21,22,5927.2,6048.2,6145.5
pool-westeurope-01-amd-genoa,2026-09-21T21:00:00Z,22,23,5930.6,6059.2,6152.2
pool-westeurope-01-amd-genoa,2026-09-21T22:00:00Z,23,0,6017.0,6177.3,6332.8
pool-westeurope-01-amd-genoa,2026-09-21T23:00:00Z,24,1,6112.8,6218.1,6372.5
pool-westeurope-01-amd-genoa,2026-09-22T00:00:00Z,25,2,6104.9,6249.6,6342.1
pool-westeurope-01-amd-genoa,2026-09-22T01:00:00Z,26,3,5999.6,6155.1,6292.9
pool-westeurope-01-amd-genoa,2026-09-22T02:00:00Z,27,4,5970.9,6129.5,6260.4
pool-westeurope-01-amd-genoa,2026-09-22T03:00:00Z,28,5,5997.1,6159.2,6292.5
pool-westeurope-01-amd-genoa,2026-09-22T04:00:00Z,29,6,6119.9,6263.7,6423.0
pool-westeurope-01-amd-genoa,2026-09-22T05:00:00Z,30,7,6182.6,6362.0,6514.9
pool-westeurope-01-amd-genoa,2026-09-22T06:00:00Z,31,8,6338.4,6495.8,6609.2
pool-westeurope-01-amd-genoa,2026-09-22T07:00:00Z,32,9,6532.7,6719.4,6952.6
pool-westeurope-01-amd-genoa,2026-09-22T08:00:00Z,33,10,6694.7,6857.3,7058.2
pool-westeurope-01-amd-genoa,2026-09-22T09:00:00Z,34,11,6813.4,6978.6,7152.8
pool-westeurope-01-amd-genoa,2026-09-22T10:00:00Z,35,12,6820.9,7002.9,7212.9
pool-westeurope-01-amd-genoa,2026-09-22T11:00:00Z,36,13,6818.3,7000.5,7202.5
pool-westeurope-01-amd-genoa,2026-09-22T12:00:00Z,37,14,6791.3,6982.3,7143.0
pool-westeurope-01-amd-genoa,2026-09-22T13:00:00Z,38,15,6666.2,6797.9,7047.5
pool-westeurope-01-amd-genoa,2026-09-22T14:00:00Z,39,16,6467.5,6669.7,6822.9
pool-westeurope-01-amd-genoa,2026-09-22T15:00:00Z,40,17,6318.6,6494.1,6563.5
pool-westeurope-01-amd-genoa,2026-09-22T16:00:00Z,41,18,6187.3,6326.8,6458.4
pool-westeurope-01-amd-genoa,2026-09-22T17:00:00Z,42,19,6060.7,6191.1,6291.6
pool-westeurope-01-amd-genoa,2026-09-22T18:00:00Z,43,20,5991.0,6126.6,6207.6
pool-westeurope-01-amd-genoa,2026-09-22T19:00:00Z,44,21,5935.9,6067.8,6181.3
pool-westeurope-01-amd-genoa,2026-09-22T20:00:00Z,45,22,5929.1,6043.8,6142.8
pool-westeurope-01-amd-genoa,2026-09-22T21:00:00Z,46,23,5919.1,6039.2,6145.0
pool-westeurope-01-amd-genoa,2026-09-22T22:00:00Z,47,0,5993.0,6136.0,6259.0
pool-westeurope-01-amd-genoa,2026-09-22T23:00:00Z,48,1,6101.2,6258.9,6348.3
pool-westeurope-01-amd-genoa,2026-09-23T00:00:00Z,49,2,6062.9,6232.0,6349.2
pool-westeurope-01-amd-genoa,2026-09-23T01:00:00Z,50,3,5961.9,6131.7,6243.2
pool-westeurope-01-amd-genoa,2026-09-23T02:00:00Z,51,4,5940.6,6113.6,6222.7
pool-westeurope-01-amd-genoa,2026-09-23T03:00:00Z,52,5,5972.2,6135.5,6245.5
pool-westeurope-01-amd-genoa,2026-09-23T04:00:00Z,53,6,6055.3,6236.8,6360.8
pool-westeurope-01-amd-genoa,2026-09-23T05:00:00Z,54,7,6192.6,6338.0,6446.3
pool-westeurope-01-amd-genoa,2026-09-23T06:00:00Z,55,8,6339.0,6492.5,6553.8
pool-westeurope-01-amd-genoa,2026-09-23T07:00:00Z,56,9,6435.0,6641.5,6795.9
pool-westeurope-01-amd-genoa,2026-09-23T08:00:00Z,57,10,6616.8,6763.9,6928.7
pool-westeurope-01-amd-genoa,2026-09-23T09:00:00Z,58,11,6785.3,6941.0,7088.6
pool-westeurope-01-amd-genoa,2026-09-23T10:00:00Z,59,12,6813.4,6985.3,7168.8
pool-westeurope-01-amd-genoa,2026-09-23T11:00:00Z,60,13,6804.4,6983.7,7162.4
pool-westeurope-01-amd-genoa,2026-09-23T12:00:00Z,61,14,6752.9,6926.6,7032.6
pool-westeurope-01-amd-genoa,2026-09-23T13:00:00Z,62,15,6591.8,6744.6,6948.7
pool-westeurope-01-amd-genoa,2026-09-23T14:00:00Z,63,16,6399.7,6601.0,6755.2
pool-westeurope-01-amd-genoa,2026-09-23T15:00:00Z,64,17,6299.3,6464.8,6570.4
pool-westeurope-01-amd-genoa,2026-09-23T16:00:00Z,65,18,6115.6,6274.2,6412.8
pool-westeurope-01-amd-genoa,2026-09-23T17:00:00Z,66,19,6033.9,6157.4,6260.6
pool-westeurope-01-amd-genoa,2026-09-23T18:00:00Z,67,20,5970.6,6088.6,6204.0
pool-westeurope-01-amd-genoa,2026-09-23T19:00:00Z,68,21,5941.6,6090.5,6193.9
pool-westeurope-01-amd-genoa,2026-09-23T20:00:00Z,69,22,5920.7,6041.9,6149.6
pool-westeurope-01-amd-genoa,2026-09-23T21:00:00Z,70,23,5920.7,6046.4,6159.2
pool-westeurope-01-amd-genoa,2026-09-23T22:00:00Z,71,0,5931.3,6107.6,6249.7
pool-westeurope-01-amd-genoa,2026-09-23T23:00:00Z,72,1,6064.2,6182.5,6307.0
pool-westeurope-01-amd-genoa,2026-09-24T00:00:00Z,73,2,6023.7,6163.2,6293.6
pool-westeurope-01-amd-genoa,2026-09-24T01:00:00Z,74,3,5905.7,6092.1,6231.7
pool-westeurope-01-amd-genoa,2026-09-24T02:00:00Z,75,4,5892.3,6080.5,6189.8
pool-westeurope-01-amd-genoa,2026-09-24T03:00:00Z,76,5,5920.6,6086.5,6200.0
pool-westeurope-01-amd-genoa,2026-09-24T04:00:00Z,77,6,5970.8,6143.9,6276.4
pool-westeurope-01-amd-genoa,2026-09-24T05:00:00Z,78,7,6140.1,6313.0,6480.0
pool-westeurope-01-amd-genoa,2026-09-24T06:00:00Z,79,8,6280.5,6455.2,6621.6
pool-westeurope-01-amd-genoa,2026-09-24T07:00:00Z,80,9,6405.7,6618.4,6778.9
pool-westeurope-01-amd-genoa,2026-09-24T08:00:00Z,81,10,6533.7,6695.6,6856.8
pool-westeurope-01-amd-genoa,2026-09-24T09:00:00Z,82,11,6702.5,6824.3,6998.6
pool-westeurope-01-amd-genoa,2026-09-24T10:00:00Z,83,12,6699.5,6878.6,7088.0
pool-westeurope-01-amd-genoa,2026-09-24T11:00:00Z,84,13,6716.7,6878.5,7088.9
pool-westeurope-01-amd-genoa,2026-09-24T12:00:00Z,85,14,6664.5,6856.9,7015.9
pool-westeurope-01-amd-genoa,2026-09-24T13:00:00Z,86,15,6549.3,6734.6,6919.9
pool-westeurope-01-amd-genoa,2026-09-24T14:00:00Z,87,16,6398.4,6599.9,6764.5
pool-westeurope-01-amd-genoa,2026-09-24T15:00:00Z,88,17,6272.6,6445.2,6540.0
pool-westeurope-01-amd-genoa,2026-09-24T16:00:00Z,89,18,6066.4,6242.4,6396.7
pool-westeurope-01-amd-genoa,2026-09-24T17:00:00Z,90,19,5982.9,6120.4,6247.1
pool-westeurope-01-amd-genoa,2026-09-24T18:00:00Z,91,20,5927.3,6046.0,6157.9
pool-westeurope-01-amd-genoa,2026-09-24T19:00:00Z,92,21,5860.8,5987.1,6118.1
pool-westeurope-01-amd-genoa,2026-09-24T20:00:00Z,93,22,5814.7,5942.3,6030.2
pool-westeurope-01-amd-genoa,2026-09-24T21:00:00Z,94,23,5889.0,5989.9,6073.0
pool-westeurope-01-amd-genoa,2026-09-24T22:00:00Z,95,0,5727.8,5888.1,6035.5
pool-westeurope-01-amd-genoa,2026-09-24T23:00:00Z,96,1,5857.1,6013.7,6165.0
pool-westeurope-01-amd-genoa,2026-09-25T00:00:00Z,97,2,5841.0,5966.6,6113.5
pool-westeurope-01-amd-genoa,2026-09-25T01:00:00Z,98,3,5708.2,5875.2,6004.9
pool-westeurope-01-amd-genoa,2026-09-25T02:00:00Z,99,4,5745.1,5897.2,6038.5
pool-westeurope-01-amd-genoa,2026-09-25T03:00:00Z,100,5,5765.5,5922.6,6077.3
pool-westeurope-01-amd-genoa,2026-09-25T04:00:00Z,101,6,5901.0,6039.8,6151.9
pool-westeurope-01-amd-genoa,2026-09-25T05:00:00Z,102,7,5988.6,6120.2,6262.8
pool-westeurope-01-amd-genoa,2026-09-25T06:00:00Z,103,8,6223.9,6388.3,6535.5
pool-westeurope-01-amd-genoa,2026-09-25T07:00:00Z,104,9,6312.0,6526.8,6676.6
pool-westeurope-01-amd-genoa,2026-09-25T08:00:00Z,105,10,6358.8,6561.6,6739.7
pool-westeurope-01-amd-genoa,2026-09-25T09:00:00Z,106,11,6440.2,6631.6,6804.6
pool-westeurope-01-amd-genoa,2026-09-25T10:00:00Z,107,12,6449.0,6648.5,6816.1
pool-westeurope-01-amd-genoa,2026-09-25T11:00:00Z,108,13,6446.4,6666.3,6854.8
pool-westeurope-01-amd-genoa,2026-09-25T12:00:00Z,109,14,6450.7,6640.9,6843.7
pool-westeurope-01-amd-genoa,2026-09-25T13:00:00Z,110,15,6386.8,6600.4,6816.8
pool-westeurope-01-amd-genoa,2026-09-25T14:00:00Z,111,16,6220.2,6421.5,6535.6
pool-westeurope-01-amd-genoa,2026-09-25T15:00:00Z,112,17,6105.9,6291.1,6425.5
pool-westeurope-01-amd-genoa,2026-09-25T16:00:00Z,113,18,5983.5,6169.9,6302.0
pool-westeurope-01-amd-genoa,2026-09-25T17:00:00Z,114,19,5875.4,6010.0,6151.0
pool-westeurope-01-amd-genoa,2026-09-25T18:00:00Z,115,20,5836.0,5949.6,6099.7
pool-westeurope-01-amd-genoa,2026-09-25T19:00:00Z,116,21,5766.3,5895.1,6045.0
pool-westeurope-01-amd-genoa,2026-09-25T20:00:00Z,117,22,5681.5,5854.5,5992.3
pool-westeurope-01-amd-genoa,2026-09-25T21:00:00Z,118,23,5660.7,5847.5,5974.8
pool-westeurope-01-amd-genoa,2026-09-25T22:00:00Z,119,0,5197.2,5361.1,5547.2
pool-westeurope-01-amd-genoa,2026-09-25T23:00:00Z,120,1,5317.8,5498.7,5697.0
pool-westeurope-01-amd-genoa,2026-09-26T00:00:00Z,121,2,5281.5,5454.2,5633.1
pool-westeurope-01-amd-genoa,2026-09-26T01:00:00Z,122,3,5207.7,5355.3,5529.1
pool-westeurope-01-amd-genoa,2026-09-26T02:00:00Z,123,4,5176.7,5337.2,5519.7
pool-westeurope-01-amd-genoa,2026-09-26T03:00:00Z,124,5,5192.0,5343.8,5534.5
pool-westeurope-01-amd-genoa,2026-09-26T04:00:00Z,125,6,5246.9,5399.0,5551.2
pool-westeurope-01-amd-genoa,2026-09-26T05:00:00Z,126,7,5316.1,5525.9,5715.6
pool-westeurope-01-amd-genoa,2026-09-26T06:00:00Z,127,8,5482.5,5707.1,5840.8
pool-westeurope-01-amd-genoa,2026-09-26T07:00:00Z,128,9,5622.7,5816.9,5977.7
pool-westeurope-01-amd-genoa,2026-09-26T08:00:00Z,129,10,5833.6,5983.8,6129.0
pool-westeurope-01-amd-genoa,2026-09-26T09:00:00Z,130,11,5957.7,6079.1,6207.4
pool-westeurope-01-amd-genoa,2026-09-26T10:00:00Z,131,12,5968.5,6116.2,6249.2
pool-westeurope-01-amd-genoa,2026-09-26T11:00:00Z,132,13,5970.7,6150.6,6322.0
pool-westeurope-01-amd-genoa,2026-09-26T12:00:00Z,133,14,5958.5,6074.9,6200.7
pool-westeurope-01-amd-genoa,2026-09-26T13:00:00Z,134,15,5829.5,5978.3,6134.1
pool-westeurope-01-amd-genoa,2026-09-26T14:00:00Z,135,16,5697.1,5895.5,6040.6
pool-westeurope-01-amd-genoa,2026-09-26T15:00:00Z,136,17,5481.2,5677.7,5830.6
pool-westeurope-01-amd-genoa,2026-09-26T16:00:00Z,137,18,5334.4,5512.5,5694.6
pool-westeurope-01-amd-genoa,2026-09-26T17:00:00Z,138,19,5252.6,5400.3,5584.5
pool-westeurope-01-amd-genoa,2026-09-26T18:00:00Z,139,20,5194.7,5314.0,5481.7
pool-westeurope-01-amd-genoa,2026-09-26T19:00:00Z,140,21,5126.6,5237.8,5372.8
pool-westeurope-01-amd-genoa,2026-09-26T20:00:00Z,141,22,5098.2,5214.3,5322.4
pool-westeurope-01-amd-genoa,2026-09-26T21:00:00Z,142,23,5096.0,5216.0,5322.4
pool-westeurope-01-amd-genoa,2026-09-26T22:00:00Z,143,0,5071.9,5220.8,5354.8
pool-westeurope-01-amd-genoa,2026-09-26T23:00:00Z,144,1,5148.7,5285.8,5356.6
pool-westeurope-01-amd-genoa,2026-09-27T00:00:00Z,145,2,5135.1,5250.9,5348.9
pool-westeurope-01-amd-genoa,2026-09-27T01:00:00Z,146,3,5072.1,5211.5,5324.9
pool-westeurope-01-amd-genoa,2026-09-27T02:00:00Z,147,4,5057.0,5197.3,5324.9
pool-westeurope-01-amd-genoa,2026-09-27T03:00:00Z,148,5,5063.4,5195.0,5322.0
pool-westeurope-01-amd-genoa,2026-09-27T04:00:00Z,149,6,5126.5,5245.3,5335.0
pool-westeurope-01-amd-genoa,2026-09-27T05:00:00Z,150,7,5233.1,5387.4,5514.4
pool-westeurope-01-amd-genoa,2026-09-27T06:00:00Z,151,8,5339.0,5523.3,5689.3
pool-westeurope-01-amd-genoa,2026-09-27T07:00:00Z,152,9,5515.0,5726.6,5872.2
pool-westeurope-01-amd-genoa,2026-09-27T08:00:00Z,153,10,5727.6,5901.8,6024.8
pool-westeurope-01-amd-genoa,2026-09-27T09:00:00Z,154,11,5870.7,6032.4,6160.8
pool-westeurope-01-amd-genoa,2026-09-27T10:00:00Z,155,12,5914.9,6068.7,6203.8
pool-westeurope-01-amd-genoa,2026-09-27T11:00:00Z,156,13,5929.8,6062.7,6206.0
pool-westeurope-01-amd-genoa,2026-09-27T12:00:00Z,157,14,5852.4,6013.5,6142.6
pool-westeurope-01-amd-genoa,2026-09-27T13:00:00Z,158,15,5712.1,5863.0,6030.1
pool-westeurope-01-amd-genoa,2026-09-27T14:00:00Z,159,16,5471.9,5677.3,5862.7
pool-westeurope-01-amd-genoa,2026-09-27T15:00:00Z,160,17,5355.0,5538.3,5691.9
pool-westeurope-01-amd-genoa,2026-09-27T16:00:00Z,161,18,5255.6,5394.3,5568.5
pool-westeurope-01-amd-genoa,2026-09-27T17:00:00Z,162,19,5193.2,5322.8,5475.5
pool-westeurope-01-amd-genoa,2026-09-27T18:00:00Z,163,20,5093.4,5215.2,5318.2
pool-westeurope-01-amd-genoa,2026-09-27T19:00:00Z,164,21,5040.3,5165.1,5286.0
pool-westeurope-01-amd-genoa,2026-09-27T20:00:00Z,165,22,5026.3,5152.8,5270.0
pool-westeurope-01-amd-genoa,2026-09-27T21:00:00Z,166,23,5026.2,5157.7,5285.3
pool-westeurope-01-amd-genoa,2026-09-27T22:00:00Z,167,0,5944.7,6114.0,6236.0
pool-westeurope-01-amd-genoa,2026-09-27T23:00:00Z,168,1,6091.6,6222.9,6370.7
pool-westeurope-02-gpu-h100,2026-09-21T00:00:00Z,1,2,2823.6,2855.3,2872.2
pool-westeurope-02-gpu-h100,2026-09-21T01:00:00Z,2,3,2829.0,2859.8,2869.3
pool-westeurope-02-gpu-h100,2026-09-21T02:00:00Z,3,4,2825.4,2859.1,2878.2
pool-westeurope-02-gpu-h100,2026-09-21T03:00:00Z,4,5,2821.9,2863.2,2879.6
pool-westeurope-02-gpu-h100,2026-09-21T04:00:00Z,5,6,2848.5,2890.1,2908.4
pool-westeurope-02-gpu-h100,2026-09-21T05:00:00Z,6,7,2869.5,2900.1,2923.4
pool-westeurope-02-gpu-h100,2026-09-21T06:00:00Z,7,8,2876.4,2901.3,2923.3
pool-westeurope-02-gpu-h100,2026-09-21T07:00:00Z,8,9,2869.8,2904.3,2923.0
pool-westeurope-02-gpu-h100,2026-09-21T08:00:00Z,9,10,2868.0,2902.9,2926.7
pool-westeurope-02-gpu-h100,2026-09-21T09:00:00Z,10,11,2865.4,2904.4,2926.5
pool-westeurope-02-gpu-h100,2026-09-21T10:00:00Z,11,12,2865.8,2902.1,2927.2
pool-westeurope-02-gpu-h100,2026-09-21T11:00:00Z,12,13,2860.4,2891.1,2921.5
pool-westeurope-02-gpu-h100,2026-09-21T12:00:00Z,13,14,2840.7,2881.6,2906.6
pool-westeurope-02-gpu-h100,2026-09-21T13:00:00Z,14,15,2836.1,2869.3,2895.9
pool-westeurope-02-gpu-h100,2026-09-21T14:00:00Z,15,16,2820.1,2855.2,2890.9
pool-westeurope-02-gpu-h100,2026-09-21T15:00:00Z,16,17,2821.3,2876.9,2894.2
pool-westeurope-02-gpu-h100,2026-09-21T16:00:00Z,17,18,2814.1,2868.2,2895.5
pool-westeurope-02-gpu-h100,2026-09-21T17:00:00Z,18,19,2802.5,2853.8,2880.7
pool-westeurope-02-gpu-h100,2026-09-21T18:00:00Z,19,20,2797.4,2840.8,2868.1
pool-westeurope-02-gpu-h100,2026-09-21T19:00:00Z,20,21,2777.7,2842.8,2869.8
pool-westeurope-02-gpu-h100,2026-09-21T20:00:00Z,21,22,2771.2,2827.0,2862.6
pool-westeurope-02-gpu-h100,2026-09-21T21:00:00Z,22,23,2770.2,2829.4,2864.0
pool-westeurope-02-gpu-h100,2026-09-21T22:00:00Z,23,0,2783.5,2864.3,2883.1
pool-westeurope-02-gpu-h100,2026-09-21T23:00:00Z,24,1,2785.9,2865.4,2886.2
pool-westeurope-02-gpu-h100,2026-09-22T00:00:00Z,25,2,2787.5,2856.0,2886.1
pool-westeurope-02-gpu-h100,2026-09-22T01:00:00Z,26,3,2801.8,2864.4,2887.3
pool-westeurope-02-gpu-h100,2026-09-22T02:00:00Z,27,4,2807.4,2870.3,2893.1
pool-westeurope-02-gpu-h100,2026-09-22T03:00:00Z,28,5,2814.0,2881.5,2910.1
pool-westeurope-02-gpu-h100,2026-09-22T04:00:00Z,29,6,2820.6,2886.4,2909.9
pool-westeurope-02-gpu-h100,2026-09-22T05:00:00Z,30,7,2840.9,2896.6,2914.9
pool-westeurope-02-gpu-h100,2026-09-22T06:00:00Z,31,8,2857.3,2910.7,2935.1
pool-westeurope-02-gpu-h100,2026-09-22T07:00:00Z,32,9,2863.3,2923.4,2950.4
pool-westeurope-02-gpu-h100,2026-09-22T08:00:00Z,33,10,2862.2,2925.4,2953.9
pool-westeurope-02-gpu-h100,2026-09-22T09:00:00Z,34,11,2865.8,2929.2,2966.7
pool-westeurope-02-gpu-h100,2026-09-22T10:00:00Z,35,12,2865.5,2926.7,2975.1
pool-westeurope-02-gpu-h100,2026-09-22T11:00:00Z,36,13,2863.6,2921.9,2955.9
pool-westeurope-02-gpu-h100,2026-09-22T12:00:00Z,37,14,2860.5,2917.6,2954.8
pool-westeurope-02-gpu-h100,2026-09-22T13:00:00Z,38,15,2856.2,2905.0,2944.9
pool-westeurope-02-gpu-h100,2026-09-22T14:00:00Z,39,16,2847.9,2898.8,2931.9
pool-westeurope-02-gpu-h100,2026-09-22T15:00:00Z,40,17,2844.1,2880.5,2925.2
pool-westeurope-02-gpu-h100,2026-09-22T16:00:00Z,41,18,2837.8,2874.7,2910.5
pool-westeurope-02-gpu-h100,2026-09-22T17:00:00Z,42,19,2820.0,2859.2,2896.7
pool-westeurope-02-gpu-h100,2026-09-22T18:00:00Z,43,20,2797.0,2844.6,2891.2
pool-westeurope-02-gpu-h100,2026-09-22T19:00:00Z,44,21,2772.0,2833.2,2882.7
pool-westeurope-02-gpu-h100,2026-09-22T20:00:00Z,45,22,2776.9,2832.5,2879.3
pool-westeurope-02-gpu-h100,2026-09-22T21:00:00Z,46,23,2785.8,2834.1,2879.3
pool-westeurope-02-gpu-h100,2026-09-22T22:00:00Z,47,0,2799.5,2867.1,2897.5
pool-westeurope-02-gpu-h100,2026-09-22T23:00:00Z,48,1,2797.5,2878.1,2899.6
pool-westeurope-02-gpu-h100,2026-09-23T00:00:00Z,49,2,2803.3,2874.0,2910.1
pool-westeurope-02-gpu-h100,2026-09-23T01:00:00Z,50,3,2821.8,2893.6,2913.7
pool-westeurope-02-gpu-h100,2026-09-23T02:00:00Z,51,4,2825.9,2893.6,2913.9
pool-westeurope-02-gpu-h100,2026-09-23T03:00:00Z,52,5,2826.6,2895.6,2919.3
pool-westeurope-02-gpu-h100,2026-09-23T04:00:00Z,53,6,2832.2,2903.8,2933.1
pool-westeurope-02-gpu-h100,2026-09-23T05:00:00Z,54,7,2852.7,2926.3,2962.7
pool-westeurope-02-gpu-h100,2026-09-23T06:00:00Z,55,8,2864.4,2932.6,2962.8
pool-westeurope-02-gpu-h100,2026-09-23T07:00:00Z,56,9,2863.9,2941.0,2988.6
pool-westeurope-02-gpu-h100,2026-09-23T08:00:00Z,57,10,2864.7,2932.9,2974.8
pool-westeurope-02-gpu-h100,2026-09-23T09:00:00Z,58,11,2865.4,2937.0,2977.7
pool-westeurope-02-gpu-h100,2026-09-23T10:00:00Z,59,12,2851.7,2931.7,2964.8
pool-westeurope-02-gpu-h100,2026-09-23T11:00:00Z,60,13,2865.1,2921.1,2954.8
pool-westeurope-02-gpu-h100,2026-09-23T12:00:00Z,61,14,2849.7,2917.6,2954.7
pool-westeurope-02-gpu-h100,2026-09-23T13:00:00Z,62,15,2843.4,2904.5,2945.0
pool-westeurope-02-gpu-h100,2026-09-23T14:00:00Z,63,16,2827.7,2882.1,2925.2
pool-westeurope-02-gpu-h100,2026-09-23T15:00:00Z,64,17,2831.4,2880.9,2913.9
pool-westeurope-02-gpu-h100,2026-09-23T16:00:00Z,65,18,2826.8,2876.9,2907.2
pool-westeurope-02-gpu-h100,2026-09-23T17:00:00Z,66,19,2812.4,2852.5,2895.5
pool-westeurope-02-gpu-h100,2026-09-23T18:00:00Z,67,20,2804.0,2842.4,2890.3
pool-westeurope-02-gpu-h100,2026-09-23T19:00:00Z,68,21,2786.7,2837.1,2882.6
pool-westeurope-02-gpu-h100,2026-09-23T20:00:00Z,69,22,2787.1,2833.6,2879.5
pool-westeurope-02-gpu-h100,2026-09-23T21:00:00Z,70,23,2789.5,2833.6,2882.4
pool-westeurope-02-gpu-h100,2026-09-23T22:00:00Z,71,0,2775.6,2850.6,2892.5
pool-westeurope-02-gpu-h100,2026-09-23T23:00:00Z,72,1,2780.8,2857.8,2892.0
pool-westeurope-02-gpu-h100,2026-09-24T00:00:00Z,73,2,2783.9,2854.8,2893.3
pool-westeurope-02-gpu-h100,2026-09-24T01:00:00Z,74,3,2807.1,2868.1,2899.0
pool-westeurope-02-gpu-h100,2026-09-24T02:00:00Z,75,4,2811.7,2870.0,2909.9
pool-westeurope-02-gpu-h100,2026-09-24T03:00:00Z,76,5,2816.2,2883.5,2917.3
pool-westeurope-02-gpu-h100,2026-09-24T04:00:00Z,77,6,2826.3,2892.2,2932.1
pool-westeurope-02-gpu-h100,2026-09-24T05:00:00Z,78,7,2838.4,2905.4,2945.0
pool-westeurope-02-gpu-h100,2026-09-24T06:00:00Z,79,8,2849.4,2911.3,2948.7
pool-westeurope-02-gpu-h100,2026-09-24T07:00:00Z,80,9,2845.7,2912.7,2953.2
pool-westeurope-02-gpu-h100,2026-09-24T08:00:00Z,81,10,2844.8,2912.6,2948.0
pool-westeurope-02-gpu-h100,2026-09-24T09:00:00Z,82,11,2839.4,2911.2,2945.0
pool-westeurope-02-gpu-h100,2026-09-24T10:00:00Z,83,12,2840.7,2902.7,2944.9
pool-westeurope-02-gpu-h100,2026-09-24T11:00:00Z,84,13,2832.9,2901.9,2937.9
pool-westeurope-02-gpu-h100,2026-09-24T12:00:00Z,85,14,2831.1,2897.9,2939.4
pool-westeurope-02-gpu-h100,2026-09-24T13:00:00Z,86,15,2832.5,2885.7,2932.7
pool-westeurope-02-gpu-h100,2026-09-24T14:00:00Z,87,16,2811.3,2866.1,2911.0
pool-westeurope-02-gpu-h100,2026-09-24T15:00:00Z,88,17,2808.7,2861.4,2907.0
pool-westeurope-02-gpu-h100,2026-09-24T16:00:00Z,89,18,2797.0,2856.6,2902.9
pool-westeurope-02-gpu-h100,2026-09-24T17:00:00Z,90,19,2772.8,2822.9,2876.6
pool-westeurope-02-gpu-h100,2026-09-24T18:00:00Z,91,20,2758.1,2818.1,2870.4
pool-westeurope-02-gpu-h100,2026-09-24T19:00:00Z,92,21,2752.1,2814.4,2868.9
pool-westeurope-02-gpu-h100,2026-09-24T20:00:00Z,93,22,2745.5,2797.1,2856.2
pool-westeurope-02-gpu-h100,2026-09-24T21:00:00Z,94,23,2752.3,2798.6,2856.2
pool-westeurope-02-gpu-h100,2026-09-24T22:00:00Z,95,0,2746.7,2809.9,2857.3
pool-westeurope-02-gpu-h100,2026-09-24T23:00:00Z,96,1,2753.3,2818.4,2859.5
pool-westeurope-02-gpu-h100,2026-09-25T00:00:00Z,97,2,2761.8,2812.7,2859.7
pool-westeurope-02-gpu-h100,2026-09-25T01:00:00Z,98,3,2783.0,2837.3,2879.0
pool-westeurope-02-gpu-h100,2026-09-25T02:00:00Z,99,4,2790.6,2843.7,2880.6
pool-westeurope-02-gpu-h100,2026-09-25T03:00:00Z,100,5,2794.7,2847.3,2883.9
pool-westeurope-02-gpu-h100,2026-09-25T04:00:00Z,101,6,2807.5,2855.6,2898.7
pool-westeurope-02-gpu-h100,2026-09-25T05:00:00Z,102,7,2819.3,2869.2,2912.6
pool-westeurope-02-gpu-h100,2026-09-25T06:00:00Z,103,8,2835.9,2891.7,2930.6
pool-westeurope-02-gpu-h100,2026-09-25T07:00:00Z,104,9,2841.9,2901.9,2945.6
pool-westeurope-02-gpu-h100,2026-09-25T08:00:00Z,105,10,2841.3,2909.8,2956.0
pool-westeurope-02-gpu-h100,2026-09-25T09:00:00Z,106,11,2839.2,2909.7,2956.8
pool-westeurope-02-gpu-h100,2026-09-25T10:00:00Z,107,12,2838.7,2898.2,2944.2
pool-westeurope-02-gpu-h100,2026-09-25T11:00:00Z,108,13,2839.3,2903.8,2955.4
pool-westeurope-02-gpu-h100,2026-09-25T12:00:00Z,109,14,2835.3,2889.0,2937.1
pool-westeurope-02-gpu-h100,2026-09-25T13:00:00Z,110,15,2828.1,2867.9,2919.3
pool-westeurope-02-gpu-h100,2026-09-25T14:00:00Z,111,16,2812.9,2861.1,2907.1
pool-westeurope-02-gpu-h100,2026-09-25T15:00:00Z,112,17,2797.1,2843.7,2895.1
pool-westeurope-02-gpu-h100,2026-09-25T16:00:00Z,113,18,2776.7,2835.9,2883.7
pool-westeurope-02-gpu-h100,2026-09-25T17:00:00Z,114,19,2767.7,2806.3,2863.2
pool-westeurope-02-gpu-h100,2026-09-25T18:00:00Z,115,20,2758.0,2802.5,2858.0
pool-westeurope-02-gpu-h100,2026-09-25T19:00:00Z,116,21,2753.9,2793.0,2853.4
pool-westeurope-02-gpu-h100,2026-09-25T20:00:00Z,117,22,2745.6,2792.3,2851.5
pool-westeurope-02-gpu-h100,2026-09-25T21:00:00Z,118,23,2731.5,2786.3,2844.9
pool-westeurope-02-gpu-h100,2026-09-25T22:00:00Z,119,0,2713.6,2767.5,2829.1
pool-westeurope-02-gpu-h100,2026-09-25T23:00:00Z,120,1,2695.2,2760.7,2821.8
pool-westeurope-02-gpu-h100,2026-09-26T00:00:00Z,121,2,2700.0,2765.5,2826.5
pool-westeurope-02-gpu-h100,2026-09-26T01:00:00Z,122,3,2710.8,2778.7,2829.5
pool-westeurope-02-gpu-h100,2026-09-26T02:00:00Z,123,4,2715.7,2779.1,2827.2
pool-westeurope-02-gpu-h100,2026-09-26T03:00:00Z,124,5,2718.4,2785.1,2830.4
pool-westeurope-02-gpu-h100,2026-09-26T04:00:00Z,125,6,2745.8,2801.1,2850.7
pool-westeurope-02-gpu-h100,2026-09-26T05:00:00Z,126,7,2750.3,2806.1,2858.3
pool-westeurope-02-gpu-h100,2026-09-26T06:00:00Z,127,8,2760.5,2806.8,2855.7
pool-westeurope-02-gpu-h100,2026-09-26T07:00:00Z,128,9,2766.6,2816.8,2864.7
pool-westeurope-02-gpu-h100,2026-09-26T08:00:00Z,129,10,2773.6,2820.8,2864.9
pool-westeurope-02-gpu-h100,2026-09-26T09:00:00Z,130,11,2772.0,2821.5,2865.7
pool-westeurope-02-gpu-h100,2026-09-26T10:00:00Z,131,12,2777.3,2844.9,2894.8
pool-westeurope-02-gpu-h100,2026-09-26T11:00:00Z,132,13,2773.7,2836.1,2878.6
pool-westeurope-02-gpu-h100,2026-09-26T12:00:00Z,133,14,2763.2,2826.8,2865.6
pool-westeurope-02-gpu-h100,2026-09-26T13:00:00Z,134,15,2753.4,2815.1,2861.3
pool-westeurope-02-gpu-h100,2026-09-26T14:00:00Z,135,16,2728.2,2801.1,2844.9
pool-westeurope-02-gpu-h100,2026-09-26T15:00:00Z,136,17,2709.7,2785.3,2836.5
pool-westeurope-02-gpu-h100,2026-09-26T16:00:00Z,137,18,2699.8,2778.1,2830.5
pool-westeurope-02-gpu-h100,2026-09-26T17:00:00Z,138,19,2691.1,2772.8,2827.1
pool-westeurope-02-gpu-h100,2026-09-26T18:00:00Z,139,20,2674.0,2767.5,2824.4
pool-westeurope-02-gpu-h100,2026-09-26T19:00:00Z,140,21,2681.7,2768.7,2816.9
pool-westeurope-02-gpu-h100,2026-09-26T20:00:00Z,141,22,2672.9,2752.3,2797.7
pool-westeurope-02-gpu-h100,2026-09-26T21:00:00Z,142,23,2671.8,2764.2,2812.5
pool-westeurope-02-gpu-h100,2026-09-26T22:00:00Z,143,0,2669.4,2739.1,2795.5
pool-westeurope-02-gpu-h100,2026-09-26T23:00:00Z,144,1,2677.5,2736.7,2797.0
pool-westeurope-02-gpu-h100,2026-09-27T00:00:00Z,145,2,2672.0,2741.0,2794.8
pool-westeurope-02-gpu-h100,2026-09-27T01:00:00Z,146,3,2681.3,2765.8,2800.5
pool-westeurope-02-gpu-h100,2026-09-27T02:00:00Z,147,4,2683.3,2774.2,2818.7
pool-westeurope-02-gpu-h100,2026-09-27T03:00:00Z,148,5,2687.7,2776.1,2820.2
pool-westeurope-02-gpu-h100,2026-09-27T04:00:00Z,149,6,2690.9,2781.5,2823.1
pool-westeurope-02-gpu-h100,2026-09-27T05:00:00Z,150,7,2700.7,2804.2,2832.7
pool-westeurope-02-gpu-h100,2026-09-27T06:00:00Z,151,8,2701.7,2799.0,2833.9
pool-westeurope-02-gpu-h100,2026-09-27T07:00:00Z,152,9,2715.0,2809.3,2842.4
pool-westeurope-02-gpu-h100,2026-09-27T08:00:00Z,153,10,2719.0,2811.2,2845.9
pool-westeurope-02-gpu-h100,2026-09-27T09:00:00Z,154,11,2718.9,2812.7,2855.0
pool-westeurope-02-gpu-h100,2026-09-27T10:00:00Z,155,12,2738.9,2812.3,2853.9
pool-westeurope-02-gpu-h100,2026-09-27T11:00:00Z,156,13,2743.8,2825.4,2861.9
pool-westeurope-02-gpu-h100,2026-09-27T12:00:00Z,157,14,2713.4,2811.3,2848.1
pool-westeurope-02-gpu-h100,2026-09-27T13:00:00Z,158,15,2712.0,2801.7,2838.3
pool-westeurope-02-gpu-h100,2026-09-27T14:00:00Z,159,16,2710.2,2794.8,2834.5
pool-westeurope-02-gpu-h100,2026-09-27T15:00:00Z,160,17,2687.1,2783.9,2830.0
pool-westeurope-02-gpu-h100,2026-09-27T16:00:00Z,161,18,2686.3,2779.3,2828.9
pool-westeurope-02-gpu-h100,2026-09-27T17:00:00Z,162,19,2681.4,2756.2,2804.4
pool-westeurope-02-gpu-h100,2026-09-27T18:00:00Z,163,20,2669.4,2751.1,2797.4
pool-westeurope-02-gpu-h100,2026-09-27T19:00:00Z,164,21,2667.6,2744.2,2795.7
pool-westeurope-02-gpu-h100,2026-09-27T20:00:00Z,165,22,2648.5,2734.1,2780.0
pool-westeurope-02-gpu-h100,2026-09-27T21:00:00Z,166,23,2656.7,2741.5,2791.0
pool-westeurope-02-gpu-h100,2026-09-27T22:00:00Z,167,0,2786.4,2861.3,2884.7
pool-westeurope-02-gpu-h100,2026-09-27T23:00:00Z,168,1,2806.1,2872.7,2900.7
pool-southeastasia-01-amd-genoa,2026-09-21T00:00:00Z,1,8,4464.7,4522.6,4658.3
pool-southeastasia-01-amd-genoa,2026-09-21T01:00:00Z,2,9,4560.3,4627.3,4786.1
pool-southeastasia-01-amd-genoa,2026-09-21T02:00:00Z,3,10,4666.8,4760.1,4878.8
pool-southeastasia-01-amd-genoa,2026-09-21T03:00:00Z,4,11,4783.8,4892.5,4976.3
pool-southeastasia-01-amd-genoa,2026-09-21T04:00:00Z,5,12,4797.0,4907.2,4996.2
pool-southeastasia-01-amd-genoa,2026-09-21T05:00:00Z,6,13,4798.1,4913.4,4999.5
pool-southeastasia-01-amd-genoa,2026-09-21T06:00:00Z,7,14,4779.0,4890.6,4979.1
pool-southeastasia-01-amd-genoa,2026-09-21T07:00:00Z,8,15,4696.3,4823.2,4951.9
pool-southeastasia-01-amd-genoa,2026-09-21T08:00:00Z,9,16,4584.5,4697.9,4831.1
pool-southeastasia-01-amd-genoa,2026-09-21T09:00:00Z,10,17,4444.2,4550.2,4647.7
pool-southeastasia-01-amd-genoa,2026-09-21T10:00:00Z,11,18,4384.2,4492.5,4580.4
pool-southeastasia-01-amd-genoa,2026-09-21T11:00:00Z,12,19,4312.8,4391.6,4485.1
pool-southeastasia-01-amd-genoa,2026-09-21T12:00:00Z,13,20,4223.2,4325.6,4416.0
pool-southeastasia-01-amd-genoa,2026-09-21T13:00:00Z,14,21,4185.9,4290.2,4380.9
pool-southeastasia-01-amd-genoa,2026-09-21T14:00:00Z,15,22,4182.4,4282.1,4374.1
pool-southeastasia-01-amd-genoa,2026-09-21T15:00:00Z,16,23,4181.9,4280.9,4381.1
pool-southeastasia-01-amd-genoa,2026-09-21T16:00:00Z,17,0,4270.1,4353.8,4492.1
pool-southeastasia-01-amd-genoa,2026-09-21T17:00:00Z,18,1,4346.5,4427.4,4520.6
pool-southeastasia-01-amd-genoa,2026-09-21T18:00:00Z,19,2,4343.4,4425.7,4545.3
pool-southeastasia-01-amd-genoa,2026-09-21T19:00:00Z,20,3,4273.3,4364.0,4468.2
pool-southeastasia-01-amd-genoa,2026-09-21T20:00:00Z,21,4,4236.1,4326.3,4425.5
pool-southeastasia-01-amd-genoa,2026-09-21T21:00:00Z,22,5,4244.0,4350.1,4444.6
pool-southeastasia-01-amd-genoa,2026-09-21T22:00:00Z,23,6,4305.9,4402.7,4499.8
pool-southeastasia-01-amd-genoa,2026-09-21T23:00:00Z,24,7,4396.9,4505.9,4593.8
pool-southeastasia-01-amd-genoa,2026-09-22T00:00:00Z,25,8,4471.0,4588.4,4697.0
pool-southeastasia-01-amd-genoa,2026-09-22T01:00:00Z,26,9,4582.3,4699.0,4847.7
pool-southeastasia-01-amd-genoa,2026-09-22T02:00:00Z,27,10,4654.5,4806.8,4917.3
pool-southeastasia-01-amd-genoa,2026-09-22T03:00:00Z,28,11,4798.1,4931.8,5002.2
pool-southeastasia-01-amd-genoa,2026-09-22T04:00:00Z,29,12,4816.7,4944.4,5035.6
pool-southeastasia-01-amd-genoa,2026-09-22T05:00:00Z,30,13,4817.3,4955.5,5051.2
pool-southeastasia-01-amd-genoa,2026-09-22T06:00:00Z,31,14,4791.8,4919.8,5005.0
pool-southeastasia-01-amd-genoa,2026-09-22T07:00:00Z,32,15,4677.9,4813.7,4961.6
pool-southeastasia-01-amd-genoa,2026-09-22T08:00:00Z,33,16,4588.2,4707.5,4843.8
pool-southeastasia-01-amd-genoa,2026-09-22T09:00:00Z,34,17,4451.3,4589.5,4681.6
pool-southeastasia-01-amd-genoa,2026-09-22T10:00:00Z,35,18,4387.1,4495.9,4572.5
pool-southeastasia-01-amd-genoa,2026-09-22T11:00:00Z,36,19,4294.6,4380.7,4468.1
pool-southeastasia-01-amd-genoa,2026-09-22T12:00:00Z,37,20,4233.7,4346.7,4445.1
pool-southeastasia-01-amd-genoa,2026-09-22T13:00:00Z,38,21,4220.9,4332.8,4420.6
pool-southeastasia-01-amd-genoa,2026-09-22T14:00:00Z,39,22,4182.2,4284.8,4373.9
pool-southeastasia-01-amd-genoa,2026-09-22T15:00:00Z,40,23,4183.6,4282.1,4374.0
pool-southeastasia-01-amd-genoa,2026-09-22T16:00:00Z,41,0,4234.8,4352.5,4437.8
pool-southeastasia-01-amd-genoa,2026-09-22T17:00:00Z,42,1,4306.3,4419.2,4487.2
pool-southeastasia-01-amd-genoa,2026-09-22T18:00:00Z,43,2,4316.2,4424.2,4496.1
pool-southeastasia-01-amd-genoa,2026-09-22T19:00:00Z,44,3,4254.8,4366.8,4455.1
pool-southeastasia-01-amd-genoa,2026-09-22T20:00:00Z,45,4,4222.3,4332.9,4439.5
pool-southeastasia-01-amd-genoa,2026-09-22T21:00:00Z,46,5,4240.9,4349.0,4443.3
pool-southeastasia-01-amd-genoa,2026-09-22T22:00:00Z,47,6,4298.6,4408.4,4512.7
pool-southeastasia-01-amd-genoa,2026-09-22T23:00:00Z,48,7,4405.9,4510.1,4596.9
pool-southeastasia-01-amd-genoa,2026-09-23T00:00:00Z,49,8,4497.6,4592.6,4720.7
pool-southeastasia-01-amd-genoa,2026-09-23T01:00:00Z,50,9,4595.6,4709.7,4843.1
pool-southeastasia-01-amd-genoa,2026-09-23T02:00:00Z,51,10,4734.9,4845.7,4957.5
pool-southeastasia-01-amd-genoa,2026-09-23T03:00:00Z,52,11,4807.8,4931.5,5016.5
pool-southeastasia-01-amd-genoa,2026-09-23T04:00:00Z,53,12,4822.4,4947.6,5040.1
pool-southeastasia-01-amd-genoa,2026-09-23T05:00:00Z,54,13,4822.4,4947.6,5037.7
pool-southeastasia-01-amd-genoa,2026-09-23T06:00:00Z,55,14,4800.7,4927.9,5023.6
pool-southeastasia-01-amd-genoa,2026-09-23T07:00:00Z,56,15,4696.0,4807.7,4981.4
pool-southeastasia-01-amd-genoa,2026-09-23T08:00:00Z,57,16,4582.5,4699.7,4842.9
pool-southeastasia-01-amd-genoa,2026-09-23T09:00:00Z,58,17,4474.9,4591.7,4700.2
pool-southeastasia-01-amd-genoa,2026-09-23T10:00:00Z,59,18,4375.5,4510.0,4630.2
pool-southeastasia-01-amd-genoa,2026-09-23T11:00:00Z,60,19,4333.1,4438.0,4544.6
pool-southeastasia-01-amd-genoa,2026-09-23T12:00:00Z,61,20,4237.2,4335.4,4455.5
pool-southeastasia-01-amd-genoa,2026-09-23T13:00:00Z,62,21,4181.7,4311.8,4409.6
pool-southeastasia-01-amd-genoa,2026-09-23T14:00:00Z,63,22,4175.5,4303.0,4386.8
pool-southeastasia-01-amd-genoa,2026-09-23T15:00:00Z,64,23,4180.0,4296.0,4382.4
pool-southeastasia-01-amd-genoa,2026-09-23T16:00:00Z,65,0,4199.6,4312.5,4424.7
pool-southeastasia-01-amd-genoa,2026-09-23T17:00:00Z,66,1,4283.8,4379.9,4511.0
pool-southeastasia-01-amd-genoa,2026-09-23T18:00:00Z,67,2,4299.3,4399.5,4519.5
pool-southeastasia-01-amd-genoa,2026-09-23T19:00:00Z,68,3,4211.1,4333.9,4441.1
pool-southeastasia-01-amd-genoa,2026-09-23T20:00:00Z,69,4,4200.3,4331.4,4426.7
pool-southeastasia-01-amd-genoa,2026-09-23T21:00:00Z,70,5,4213.5,4331.7,4435.4
pool-southeastasia-01-amd-genoa,2026-09-23T22:00:00Z,71,6,4272.5,4392.9,4495.8
pool-southeastasia-01-amd-genoa,2026-09-23T23:00:00Z,72,7,4337.3,4484.7,4592.2
pool-southeastasia-01-amd-genoa,2026-09-24T00:00:00Z,73,8,4428.9,4569.6,4665.0
pool-southeastasia-01-amd-genoa,2026-09-24T01:00:00Z,74,9,4526.5,4662.5,4815.9
pool-southeastasia-01-amd-genoa,2026-09-24T02:00:00Z,75,10,4574.6,4706.6,4849.4
pool-southeastasia-01-amd-genoa,2026-09-24T03:00:00Z,76,11,4738.7,4855.7,4969.6
pool-southeastasia-01-amd-genoa,2026-09-24T04:00:00Z,77,12,4751.6,4867.2,5002.9
pool-southeastasia-01-amd-genoa,2026-09-24T05:00:00Z,78,13,4742.2,4868.6,5002.9
pool-southeastasia-01-amd-genoa,2026-09-24T06:00:00Z,79,14,4727.6,4863.6,4967.7
pool-southeastasia-01-amd-genoa,2026-09-24T07:00:00Z,80,15,4586.2,4750.6,4906.5
pool-southeastasia-01-amd-genoa,2026-09-24T08:00:00Z,81,16,4504.6,4623.4,4788.7
pool-southeastasia-01-amd-genoa,2026-09-24T09:00:00Z,82,17,4443.4,4564.2,4654.4
pool-southeastasia-01-amd-genoa,2026-09-24T10:00:00Z,83,18,4346.0,4476.5,4578.1
pool-southeastasia-01-amd-genoa,2026-09-24T11:00:00Z,84,19,4242.3,4339.4,4457.8
pool-southeastasia-01-amd-genoa,2026-09-24T12:00:00Z,85,20,4198.4,4304.6,4418.3
pool-southeastasia-01-amd-genoa,2026-09-24T13:00:00Z,86,21,4171.9,4281.9,4391.5
pool-southeastasia-01-amd-genoa,2026-09-24T14:00:00Z,87,22,4137.1,4244.5,4360.5
pool-southeastasia-01-amd-genoa,2026-09-24T15:00:00Z,88,23,4167.9,4267.2,4379.0
pool-southeastasia-01-amd-genoa,2026-09-24T16:00:00Z,89,0,4089.1,4212.6,4358.3
pool-southeastasia-01-amd-genoa,2026-09-24T17:00:00Z,90,1,4160.4,4287.5,4416.6
pool-southeastasia-01-amd-genoa,2026-09-24T18:00:00Z,91,2,4174.2,4294.8,4425.6
pool-southeastasia-01-amd-genoa,2026-09-24T19:00:00Z,92,3,4105.4,4228.1,4356.7
pool-southeastasia-01-amd-genoa,2026-09-24T20:00:00Z,93,4,4037.9,4193.9,4293.1
pool-southeastasia-01-amd-genoa,2026-09-24T21:00:00Z,94,5,4098.4,4212.7,4313.6
pool-southeastasia-01-amd-genoa,2026-09-24T22:00:00Z,95,6,4192.2,4308.9,4426.0
pool-southeastasia-01-amd-genoa,2026-09-24T23:00:00Z,96,7,4249.1,4345.9,4452.8
pool-southeastasia-01-amd-genoa,2026-09-25T00:00:00Z,97,8,4340.8,4479.3,4597.3
pool-southeastasia-01-amd-genoa,2026-09-25T01:00:00Z,98,9,4448.7,4595.9,4687.2
pool-southeastasia-01-amd-genoa,2026-09-25T02:00:00Z,99,10,4519.6,4678.9,4825.0
pool-southeastasia-01-amd-genoa,2026-09-25T03:00:00Z,100,11,4588.6,4733.4,4860.0
pool-southeastasia-01-amd-genoa,2026-09-25T04:00:00Z,101,12,4655.6,4788.5,4940.1
pool-southeastasia-01-amd-genoa,2026-09-25T05:00:00Z,102,13,4650.1,4774.8,4928.8
pool-southeastasia-01-amd-genoa,2026-09-25T06:00:00Z,103,14,4585.9,4751.9,4888.9
pool-southeastasia-01-amd-genoa,2026-09-25T07:00:00Z,104,15,4573.8,4693.0,4860.0
pool-southeastasia-01-amd-genoa,2026-09-25T08:00:00Z,105,16,4420.7,4554.2,4661.9
pool-southeastasia-01-amd-genoa,2026-09-25T09:00:00Z,106,17,4335.9,4470.7,4579.8
pool-southeastasia-01-amd-genoa,2026-09-25T10:00:00Z,107,18,4228.4,4321.0,4422.5
pool-southeastasia-01-amd-genoa,2026-09-25T11:00:00Z,108,19,4183.7,4275.4,4412.9
pool-southeastasia-01-amd-genoa,2026-09-25T12:00:00Z,109,20,4090.7,4221.7,4366.1
pool-southeastasia-01-amd-genoa,2026-09-25T13:00:00Z,110,21,4025.2,4148.0,4243.0
pool-southeastasia-01-amd-genoa,2026-09-25T14:00:00Z,111,22,3974.8,4125.1,4221.8
pool-southeastasia-01-amd-genoa,2026-09-25T15:00:00Z,112,23,3991.7,4139.0,4267.8
pool-southeastasia-01-amd-genoa,2026-09-25T16:00:00Z,113,0,3719.3,3836.0,3950.6
pool-southeastasia-01-amd-genoa,2026-09-25T17:00:00Z,114,1,3792.2,3907.8,4060.1
pool-southeastasia-01-amd-genoa,2026-09-25T18:00:00Z,115,2,3795.2,3913.0,4064.4
pool-southeastasia-01-amd-genoa,2026-09-25T19:00:00Z,116,3,3738.7,3849.6,3965.2
pool-southeastasia-01-amd-genoa,2026-09-25T20:00:00Z,117,4,3713.7,3827.7,3945.5
pool-southeastasia-01-amd-genoa,2026-09-25T21:00:00Z,118,5,3735.2,3834.5,3960.6
pool-southeastasia-01-amd-genoa,2026-09-25T22:00:00Z,119,6,3781.4,3870.4,3985.8
pool-southeastasia-01-amd-genoa,2026-09-25T23:00:00Z,120,7,3827.0,3942.2,4075.4
pool-southeastasia-01-amd-genoa,2026-09-26T00:00:00Z,121,8,3900.4,4027.3,4168.1
pool-southeastasia-01-amd-genoa,2026-09-26T01:00:00Z,122,9,4015.9,4145.0,4283.4
pool-southeastasia-01-amd-genoa,2026-09-26T02:00:00Z,123,10,4106.3,4264.8,4386.7
pool-southeastasia-01-amd-genoa,2026-09-26T03:00:00Z,124,11,4196.7,4322.7,4436.8
pool-southeastasia-01-amd-genoa,2026-09-26T04:00:00Z,125,12,4210.6,4329.7,4435.2
pool-southeastasia-01-amd-genoa,2026-09-26T05:00:00Z,126,13,4219.7,4341.8,4453.4
pool-southeastasia-01-amd-genoa,2026-09-26T06:00:00Z,127,14,4182.1,4294.1,4419.1
pool-southeastasia-01-amd-genoa,2026-09-26T07:00:00Z,128,15,4103.7,4252.9,4372.7
pool-southeastasia-01-amd-genoa,2026-09-26T08:00:00Z,129,16,3967.7,4104.8,4232.5
pool-southeastasia-01-amd-genoa,2026-09-26T09:00:00Z,130,17,3892.1,4023.8,4171.7
pool-southeastasia-01-amd-genoa,2026-09-26T10:00:00Z,131,18,3821.9,3939.9,4066.1
pool-southeastasia-01-amd-genoa,2026-09-26T11:00:00Z,132,19,3741.0,3857.8,3962.0
pool-southeastasia-01-amd-genoa,2026-09-26T12:00:00Z,133,20,3722.5,3835.4,3925.4
pool-southeastasia-01-amd-genoa,2026-09-26T13:00:00Z,134,21,3679.3,3773.3,3870.1
pool-southeastasia-01-amd-genoa,2026-09-26T14:00:00Z,135,22,3663.7,3755.7,3833.7
pool-southeastasia-01-amd-genoa,2026-09-26T15:00:00Z,136,23,3665.6,3757.2,3833.6
pool-southeastasia-01-amd-genoa,2026-09-26T16:00:00Z,137,0,3650.1,3755.5,3843.5
pool-southeastasia-01-amd-genoa,2026-09-26T17:00:00Z,138,1,3703.0,3797.8,3851.8
pool-southeastasia-01-amd-genoa,2026-09-26T18:00:00Z,139,2,3707.2,3807.5,3862.0
pool-southeastasia-01-amd-genoa,2026-09-26T19:00:00Z,140,3,3657.0,3770.1,3845.6
pool-southeastasia-01-amd-genoa,2026-09-26T20:00:00Z,141,4,3639.8,3748.6,3834.0
pool-southeastasia-01-amd-genoa,2026-09-26T21:00:00Z,142,5,3650.1,3755.0,3844.5
pool-southeastasia-01-amd-genoa,2026-09-26T22:00:00Z,143,6,3688.9,3793.8,3866.6
pool-southeastasia-01-amd-genoa,2026-09-26T23:00:00Z,144,7,3751.6,3840.1,3922.9
pool-southeastasia-01-amd-genoa,2026-09-27T00:00:00Z,145,8,3824.1,3941.4,4070.2
pool-southeastasia-01-amd-genoa,2026-09-27T01:00:00Z,146,9,3899.4,4022.9,4173.9
pool-southeastasia-01-amd-genoa,2026-09-27T02:00:00Z,147,10,4042.4,4184.4,4279.7
pool-southeastasia-01-amd-genoa,2026-09-27T03:00:00Z,148,11,4092.2,4257.7,4370.3
pool-southeastasia-01-amd-genoa,2026-09-27T04:00:00Z,149,12,4126.9,4284.1,4374.9
pool-southeastasia-01-amd-genoa,2026-09-27T05:00:00Z,150,13,4137.4,4293.1,4400.7
pool-southeastasia-01-amd-genoa,2026-09-27T06:00:00Z,151,14,4100.6,4270.2,4365.5
pool-southeastasia-01-amd-genoa,2026-09-27T07:00:00Z,152,15,4044.5,4211.4,4326.5
pool-southeastasia-01-amd-genoa,2026-09-27T08:00:00Z,153,16,3942.3,4105.8,4223.9
pool-southeastasia-01-amd-genoa,2026-09-27T09:00:00Z,154,17,3838.5,3951.8,4065.8
pool-southeastasia-01-amd-genoa,2026-09-27T10:00:00Z,155,18,3758.5,3848.8,3958.7
pool-southeastasia-01-amd-genoa,2026-09-27T11:00:00Z,156,19,3702.6,3793.2,3865.0
pool-southeastasia-01-amd-genoa,2026-09-27T12:00:00Z,157,20,3654.4,3744.9,3819.9
pool-southeastasia-01-amd-genoa,2026-09-27T13:00:00Z,158,21,3612.1,3711.3,3793.4
pool-southeastasia-01-amd-genoa,2026-09-27T14:00:00Z,159,22,3604.9,3705.2,3791.9
pool-southeastasia-01-amd-genoa,2026-09-27T15:00:00Z,160,23,3606.5,3704.9,3791.9
pool-southeastasia-01-amd-genoa,2026-09-27T16:00:00Z,161,0,4204.4,4335.0,4440.9
pool-southeastasia-01-amd-genoa,2026-09-27T17:00:00Z,162,1,4262.8,4400.1,4484.0
pool-southeastasia-01-amd-genoa,2026-09-27T18:00:00Z,163,2,4292.3,4415.5,4498.6
pool-southeastasia-01-amd-genoa,2026-09-27T19:00:00Z,164,3,4249.1,4370.5,4477.7
pool-southeastasia-01-amd-genoa,2026-09-27T20:00:00Z,165,4,4222.7,4347.1,4451.0
pool-southeastasia-01-amd-genoa,2026-09-27T21:00:00Z,166,5,4268.0,4384.7,4478.8
pool-southeastasia-01-amd-genoa,2026-09-27T22:00:00Z,167,6,4344.3,4443.4,4608.4
pool-southeastasia-01-amd-genoa,2026-09-27T23:00:00Z,168,7,4392.0,4517.7,4663.8
pool-japaneast-01-gpu-l40s,2026-09-21T00:00:00Z,1,9,2022.9,2079.7,2101.2
pool-japaneast-01-gpu-l40s,2026-09-21T01:00:00Z,2,10,2086.8,2142.5,2171.6
pool-japaneast-01-gpu-l40s,2026-09-21T02:00:00Z,3,11,2140.6,2183.9,2228.3
pool-japaneast-01-gpu-l40s,2026-09-21T03:00:00Z,4,12,2206.4,2266.4,2286.7
pool-japaneast-01-gpu-l40s,2026-09-21T04:00:00Z,5,13,2250.1,2333.8,2363.9
pool-japaneast-01-gpu-l40s,2026-09-21T05:00:00Z,6,14,2279.3,2350.1,2401.5
pool-japaneast-01-gpu-l40s,2026-09-21T06:00:00Z,7,15,2304.8,2363.0,2412.3
pool-japaneast-01-gpu-l40s,2026-09-21T07:00:00Z,8,16,2288.3,2355.7,2415.9
pool-japaneast-01-gpu-l40s,2026-09-21T08:00:00Z,9,17,2297.3,2356.5,2423.8
pool-japaneast-01-gpu-l40s,2026-09-21T09:00:00Z,10,18,2252.7,2337.6,2402.7
pool-japaneast-01-gpu-l40s,2026-09-21T10:00:00Z,11,19,2201.0,2286.8,2350.8
pool-japaneast-01-gpu-l40s,2026-09-21T11:00:00Z,12,20,2120.6,2178.9,2239.2
pool-japaneast-01-gpu-l40s,2026-09-21T12:00:00Z,13,21,2078.8,2140.6,2207.2
pool-japaneast-01-gpu-l40s,2026-09-21T13:00:00Z,14,22,2056.8,2098.9,2172.4
pool-japaneast-01-gpu-l40s,2026-09-21T14:00:00Z,15,23,2014.1,2067.4,2143.7
pool-japaneast-01-gpu-l40s,2026-09-21T15:00:00Z,16,0,1976.1,2040.8,2112.7
pool-japaneast-01-gpu-l40s,2026-09-21T16:00:00Z,17,1,1928.5,1988.4,2074.0
pool-japaneast-01-gpu-l40s,2026-09-21T17:00:00Z,18,2,1923.6,1988.2,2070.2
pool-japaneast-01-gpu-l40s,2026-09-21T18:00:00Z,19,3,1918.0,1984.4,2056.0
pool-japaneast-01-gpu-l40s,2026-09-21T19:00:00Z,20,4,1921.1,1985.2,2060.7
pool-japaneast-01-gpu-l40s,2026-09-21T20:00:00Z,21,5,1933.7,1993.5,2069.9
pool-japaneast-01-gpu-l40s,2026-09-21T21:00:00Z,22,6,1940.4,2005.9,2088.7
pool-japaneast-01-gpu-l40s,2026-09-21T22:00:00Z,23,7,1960.9,2014.7,2112.7
pool-japaneast-01-gpu-l40s,2026-09-21T23:00:00Z,24,8,1989.9,2065.5,2141.8
pool-japaneast-01-gpu-l40s,2026-09-22T00:00:00Z,25,9,2022.5,2093.3,2170.4
pool-japaneast-01-gpu-l40s,2026-09-22T01:00:00Z,26,10,2073.8,2139.2,2210.1
pool-japaneast-01-gpu-l40s,2026-09-22T02:00:00Z,27,11,2156.7,2202.6,2259.6
pool-japaneast-01-gpu-l40s,2026-09-22T03:00:00Z,28,12,2206.4,2279.9,2321.3
pool-japaneast-01-gpu-l40s,2026-09-22T04:00:00Z,29,13,2253.4,2327.0,2393.7
pool-japaneast-01-gpu-l40s,2026-09-22T05:00:00Z,30,14,2301.2,2378.7,2448.7
pool-japaneast-01-gpu-l40s,2026-09-22T06:00:00Z,31,15,2318.7,2394.6,2453.7
pool-japaneast-01-gpu-l40s,2026-09-22T07:00:00Z,32,16,2320.9,2386.2,2445.2
pool-japaneast-01-gpu-l40s,2026-09-22T08:00:00Z,33,17,2314.9,2381.2,2447.4
pool-japaneast-01-gpu-l40s,2026-09-22T09:00:00Z,34,18,2277.7,2366.6,2433.0
pool-japaneast-01-gpu-l40s,2026-09-22T10:00:00Z,35,19,2221.2,2292.0,2363.4
pool-japaneast-01-gpu-l40s,2026-09-22T11:00:00Z,36,20,2134.8,2200.9,2274.0
pool-japaneast-01-gpu-l40s,2026-09-22T12:00:00Z,37,21,2093.4,2165.2,2224.2
pool-japaneast-01-gpu-l40s,2026-09-22T13:00:00Z,38,22,2061.0,2117.7,2194.3
pool-japaneast-01-gpu-l40s,2026-09-22T14:00:00Z,39,23,2017.6,2086.3,2155.9
pool-japaneast-01-gpu-l40s,2026-09-22T15:00:00Z,40,0,1972.0,2047.3,2126.8
pool-japaneast-01-gpu-l40s,2026-09-22T16:00:00Z,41,1,1953.0,2039.1,2113.4
pool-japaneast-01-gpu-l40s,2026-09-22T17:00:00Z,42,2,1936.5,2006.8,2089.5
pool-japaneast-01-gpu-l40s,2026-09-22T18:00:00Z,43,3,1930.6,1998.9,2076.4
pool-japaneast-01-gpu-l40s,2026-09-22T19:00:00Z,44,4,1922.8,2001.9,2076.4
pool-japaneast-01-gpu-l40s,2026-09-22T20:00:00Z,45,5,1925.0,2014.6,2078.0
pool-japaneast-01-gpu-l40s,2026-09-22T21:00:00Z,46,6,1944.4,2013.4,2105.3
pool-japaneast-01-gpu-l40s,2026-09-22T22:00:00Z,47,7,1986.9,2076.7,2154.8
pool-japaneast-01-gpu-l40s,2026-09-22T23:00:00Z,48,8,2036.0,2108.0,2172.3
pool-japaneast-01-gpu-l40s,2026-09-23T00:00:00Z,49,9,2069.5,2125.8,2206.5
pool-japaneast-01-gpu-l40s,2026-09-23T01:00:00Z,50,10,2136.2,2204.6,2262.5
pool-japaneast-01-gpu-l40s,2026-09-23T02:00:00Z,51,11,2189.5,2270.2,2316.5
pool-japaneast-01-gpu-l40s,2026-09-23T03:00:00Z,52,12,2264.8,2342.1,2409.5
pool-japaneast-01-gpu-l40s,2026-09-23T04:00:00Z,53,13,2304.4,2364.4,2433.3
pool-japaneast-01-gpu-l40s,2026-09-23T05:00:00Z,54,14,2314.1,2379.1,2427.6
pool-japaneast-01-gpu-l40s,2026-09-23T06:00:00Z,55,15,2309.6,2382.8,2460.0
pool-japaneast-01-gpu-l40s,2026-09-23T07:00:00Z,56,16,2317.8,2395.1,2467.9
pool-japaneast-01-gpu-l40s,2026-09-23T08:00:00Z,57,17,2303.0,2376.8,2458.0
pool-japaneast-01-gpu-l40s,2026-09-23T09:00:00Z,58,18,2291.9,2366.4,2443.5
pool-japaneast-01-gpu-l40s,2026-09-23T10:00:00Z,59,19,2223.9,2302.8,2394.6
pool-japaneast-01-gpu-l40s,2026-09-23T11:00:00Z,60,20,2130.6,2202.3,2274.1
pool-japaneast-01-gpu-l40s,2026-09-23T12:00:00Z,61,21,2091.2,2172.2,2251.3
pool-japaneast-01-gpu-l40s,2026-09-23T13:00:00Z,62,22,2059.3,2116.8,2187.4
pool-japaneast-01-gpu-l40s,2026-09-23T14:00:00Z,63,23,2008.9,2086.7,2148.8
pool-japaneast-01-gpu-l40s,2026-09-23T15:00:00Z,64,0,1957.1,2043.2,2118.3
pool-japaneast-01-gpu-l40s,2026-09-23T16:00:00Z,65,1,1940.3,2029.7,2105.0
pool-japaneast-01-gpu-l40s,2026-09-23T17:00:00Z,66,2,1924.3,2004.0,2079.3
pool-japaneast-01-gpu-l40s,2026-09-23T18:00:00Z,67,3,1928.0,2010.3,2081.8
pool-japaneast-01-gpu-l40s,2026-09-23T19:00:00Z,68,4,1929.9,2007.9,2081.7
pool-japaneast-01-gpu-l40s,2026-09-23T20:00:00Z,69,5,1929.9,2012.2,2081.8
pool-japaneast-01-gpu-l40s,2026-09-23T21:00:00Z,70,6,1942.9,2017.0,2096.0
pool-japaneast-01-gpu-l40s,2026-09-23T22:00:00Z,71,7,1988.5,2077.1,2157.2
pool-japaneast-01-gpu-l40s,2026-09-23T23:00:00Z,72,8,1999.9,2095.5,2163.5
pool-japaneast-01-gpu-l40s,2026-09-24T00:00:00Z,73,9,2062.1,2129.7,2212.5
pool-japaneast-01-gpu-l40s,2026-09-24T01:00:00Z,74,10,2110.8,2194.2,2262.4
pool-japaneast-01-gpu-l40s,2026-09-24T02:00:00Z,75,11,2191.4,2251.3,2327.9
pool-japaneast-01-gpu-l40s,2026-09-24T03:00:00Z,76,12,2244.1,2321.8,2434.4
pool-japaneast-01-gpu-l40s,2026-09-24T04:00:00Z,77,13,2261.8,2338.6,2454.6
pool-japaneast-01-gpu-l40s,2026-09-24T05:00:00Z,78,14,2321.0,2404.5,2479.0
pool-japaneast-01-gpu-l40s,2026-09-24T06:00:00Z,79,15,2353.7,2427.5,2505.3
pool-japaneast-01-gpu-l40s,2026-09-24T07:00:00Z,80,16,2338.6,2424.0,2491.6
pool-japaneast-01-gpu-l40s,2026-09-24T08:00:00Z,81,17,2308.6,2392.6,2471.9
pool-japaneast-01-gpu-l40s,2026-09-24T09:00:00Z,82,18,2273.8,2369.0,2440.3
pool-japaneast-01-gpu-l40s,2026-09-24T10:00:00Z,83,19,2222.1,2309.7,2392.5
pool-japaneast-01-gpu-l40s,2026-09-24T11:00:00Z,84,20,2141.3,2211.4,2290.5
pool-japaneast-01-gpu-l40s,2026-09-24T12:00:00Z,85,21,2116.8,2199.4,2267.5
pool-japaneast-01-gpu-l40s,2026-09-24T13:00:00Z,86,22,2097.4,2172.6,2245.8
pool-japaneast-01-gpu-l40s,2026-09-24T14:00:00Z,87,23,2067.2,2145.6,2220.3
pool-japaneast-01-gpu-l40s,2026-09-24T15:00:00Z,88,0,2036.7,2117.4,2175.3
pool-japaneast-01-gpu-l40s,2026-09-24T16:00:00Z,89,1,1998.7,2100.4,2154.5
pool-japaneast-01-gpu-l40s,2026-09-24T17:00:00Z,90,2,1992.8,2096.9,2142.6
pool-japaneast-01-gpu-l40s,2026-09-24T18:00:00Z,91,3,1986.9,2083.2,2136.8
pool-japaneast-01-gpu-l40s,2026-09-24T19:00:00Z,92,4,1999.9,2097.2,2137.2
pool-japaneast-01-gpu-l40s,2026-09-24T20:00:00Z,93,5,2004.8,2107.2,2148.4
pool-japaneast-01-gpu-l40s,2026-09-24T21:00:00Z,94,6,2031.4,2113.6,2167.1
pool-japaneast-01-gpu-l40s,2026-09-24T22:00:00Z,95,7,2070.1,2147.9,2216.5
pool-japaneast-01-gpu-l40s,2026-09-24T23:00:00Z,96,8,2106.8,2193.5,2256.8
pool-japaneast-01-gpu-l40s,2026-09-25T00:00:00Z,97,9,2154.9,2231.2,2301.2
pool-japaneast-01-gpu-l40s,2026-09-25T01:00:00Z,98,10,2196.7,2296.9,2406.1
pool-japaneast-01-gpu-l40s,2026-09-25T02:00:00Z,99,11,2253.9,2360.7,2436.1
pool-japaneast-01-gpu-l40s,2026-09-25T03:00:00Z,100,12,2294.5,2397.9,2470.9
pool-japaneast-01-gpu-l40s,2026-09-25T04:00:00Z,101,13,2326.9,2411.8,2501.5
pool-japaneast-01-gpu-l40s,2026-09-25T05:00:00Z,102,14,2358.9,2420.2,2517.5
pool-japaneast-01-gpu-l40s,2026-09-25T06:00:00Z,103,15,2365.3,2457.6,2536.7
pool-japaneast-01-gpu-l40s,2026-09-25T07:00:00Z,104,16,2354.1,2452.4,2521.8
pool-japaneast-01-gpu-l40s,2026-09-25T08:00:00Z,105,17,2326.4,2427.8,2490.6
pool-japaneast-01-gpu-l40s,2026-09-25T09:00:00Z,106,18,2296.3,2398.9,2475.8
pool-japaneast-01-gpu-l40s,2026-09-25T10:00:00Z,107,19,2236.9,2344.7,2428.3
pool-japaneast-01-gpu-l40s,2026-09-25T11:00:00Z,108,20,2180.1,2256.3,2366.3
pool-japaneast-01-gpu-l40s,2026-09-25T12:00:00Z,109,21,2120.8,2217.5,2273.9
pool-japaneast-01-gpu-l40s,2026-09-25T13:00:00Z,110,22,2072.6,2156.0,2216.4
pool-japaneast-01-gpu-l40s,2026-09-25T14:00:00Z,111,23,2050.3,2147.4,2214.8
pool-japaneast-01-gpu-l40s,2026-09-25T15:00:00Z,112,0,2033.5,2116.6,2173.0
pool-japaneast-01-gpu-l40s,2026-09-25T16:00:00Z,113,1,1988.7,2088.8,2144.8
pool-japaneast-01-gpu-l40s,2026-09-25T17:00:00Z,114,2,1985.2,2087.5,2142.1
pool-japaneast-01-gpu-l40s,2026-09-25T18:00:00Z,115,3,1983.2,2077.1,2127.6
pool-japaneast-01-gpu-l40s,2026-09-25T19:00:00Z,116,4,1964.0,2065.7,2128.2
pool-japaneast-01-gpu-l40s,2026-09-25T20:00:00Z,117,5,1986.6,2078.9,2128.1
pool-japaneast-01-gpu-l40s,2026-09-25T21:00:00Z,118,6,1990.9,2088.7,2140.5
pool-japaneast-01-gpu-l40s,2026-09-25T22:00:00Z,119,7,2014.6,2105.1,2165.8
pool-japaneast-01-gpu-l40s,2026-09-25T23:00:00Z,120,8,2056.5,2138.0,2205.9
pool-japaneast-01-gpu-l40s,2026-09-26T00:00:00Z,121,9,2108.5,2200.5,2257.6
pool-japaneast-01-gpu-l40s,2026-09-26T01:00:00Z,122,10,2149.4,2252.9,2331.5
pool-japaneast-01-gpu-l40s,2026-09-26T02:00:00Z,123,11,2210.7,2320.3,2404.3
pool-japaneast-01-gpu-l40s,2026-09-26T03:00:00Z,124,12,2275.7,2364.4,2444.8
pool-japaneast-01-gpu-l40s,2026-09-26T04:00:00Z,125,13,2318.5,2395.7,2476.3
pool-japaneast-01-gpu-l40s,2026-09-26T05:00:00Z,126,14,2354.3,2425.3,2503.6
pool-japaneast-01-gpu-l40s,2026-09-26T06:00:00Z,127,15,2377.0,2464.5,2534.3
pool-japaneast-01-gpu-l40s,2026-09-26T07:00:00Z,128,16,2359.3,2454.1,2511.3
pool-japaneast-01-gpu-l40s,2026-09-26T08:00:00Z,129,17,2343.9,2438.0,2497.2
pool-japaneast-01-gpu-l40s,2026-09-26T09:00:00Z,130,18,2328.0,2417.2,2485.6
pool-japaneast-01-gpu-l40s,2026-09-26T10:00:00Z,131,19,2272.8,2360.5,2445.8
pool-japaneast-01-gpu-l40s,2026-09-26T11:00:00Z,132,20,2204.8,2324.3,2417.5
pool-japaneast-01-gpu-l40s,2026-09-26T12:00:00Z,133,21,2131.0,2227.5,2292.3
pool-japaneast-01-gpu-l40s,2026-09-26T13:00:00Z,134,22,2083.3,2180.1,2230.3
pool-japaneast-01-gpu-l40s,2026-09-26T14:00:00Z,135,23,2038.7,2130.8,2183.6
pool-japaneast-01-gpu-l40s,2026-09-26T15:00:00Z,136,0,2036.1,2120.7,2174.3
pool-japaneast-01-gpu-l40s,2026-09-26T16:00:00Z,137,1,1984.3,2075.0,2123.4
pool-japaneast-01-gpu-l40s,2026-09-26T17:00:00Z,138,2,1996.3,2087.6,2128.6
pool-japaneast-01-gpu-l40s,2026-09-26T18:00:00Z,139,3,1989.9,2083.8,2123.6
pool-japaneast-01-gpu-l40s,2026-09-26T19:00:00Z,140,4,1988.2,2088.1,2131.5
pool-japaneast-01-gpu-l40s,2026-09-26T20:00:00Z,141,5,1995.1,2095.4,2141.8
pool-japaneast-01-gpu-l40s,2026-09-26T21:00:00Z,142,6,1996.2,2091.0,2141.8
pool-japaneast-01-gpu-l40s,2026-09-26T22:00:00Z,143,7,2022.1,2099.6,2149.9
pool-japaneast-01-gpu-l40s,2026-09-26T23:00:00Z,144,8,2067.7,2144.8,2201.2
pool-japaneast-01-gpu-l40s,2026-09-27T00:00:00Z,145,9,2098.1,2201.2,2234.6
pool-japaneast-01-gpu-l40s,2026-09-27T01:00:00Z,146,10,2110.3,2210.1,2245.5
pool-japaneast-01-gpu-l40s,2026-09-27T02:00:00Z,147,11,2185.8,2267.7,2344.1
pool-japaneast-01-gpu-l40s,2026-09-27T03:00:00Z,148,12,2264.7,2360.8,2444.9
pool-japaneast-01-gpu-l40s,2026-09-27T04:00:00Z,149,13,2315.4,2400.5,2478.3
pool-japaneast-01-gpu-l40s,2026-09-27T05:00:00Z,150,14,2359.5,2431.5,2508.5
pool-japaneast-01-gpu-l40s,2026-09-27T06:00:00Z,151,15,2365.3,2465.8,2540.0
pool-japaneast-01-gpu-l40s,2026-09-27T07:00:00Z,152,16,2341.0,2445.1,2500.2
pool-japaneast-01-gpu-l40s,2026-09-27T08:00:00Z,153,17,2325.4,2404.9,2482.5
pool-japaneast-01-gpu-l40s,2026-09-27T09:00:00Z,154,18,2288.7,2385.2,2474.6
pool-japaneast-01-gpu-l40s,2026-09-27T10:00:00Z,155,19,2227.4,2320.0,2410.5
pool-japaneast-01-gpu-l40s,2026-09-27T11:00:00Z,156,20,2147.8,2234.1,2330.2
pool-japaneast-01-gpu-l40s,2026-09-27T12:00:00Z,157,21,2105.8,2202.0,2256.4
pool-japaneast-01-gpu-l40s,2026-09-27T13:00:00Z,158,22,2071.7,2174.7,2231.0
pool-japaneast-01-gpu-l40s,2026-09-27T14:00:00Z,159,23,2044.7,2142.6,2202.8
pool-japaneast-01-gpu-l40s,2026-09-27T15:00:00Z,160,0,1962.6,2035.7,2108.7
pool-japaneast-01-gpu-l40s,2026-09-27T16:00:00Z,161,1,1932.7,2015.0,2084.3
pool-japaneast-01-gpu-l40s,2026-09-27T17:00:00Z,162,2,1917.0,1984.8,2051.1
pool-japaneast-01-gpu-l40s,2026-09-27T18:00:00Z,163,3,1922.3,2013.1,2092.0
pool-japaneast-01-gpu-l40s,2026-09-27T19:00:00Z,164,4,1926.0,2015.4,2086.1
pool-japaneast-01-gpu-l40s,2026-09-27T20:00:00Z,165,5,1930.7,2016.6,2091.7
pool-japaneast-01-gpu-l40s,2026-09-27T21:00:00Z,166,6,1940.1,2033.1,2101.4
pool-japaneast-01-gpu-l40s,2026-09-27T22:00:00Z,167,7,1965.8,2051.2,2123.1
pool-japaneast-01-gpu-l40s,2026-09-27T23:00:00Z,168,8,1987.1,2088.5,2148.5
pool-brazilsouth-01-amd-genoa,2026-09-21T00:00:00Z,1,21,1593.7,1629.7,1685.1
pool-brazilsouth-01-amd-genoa,2026-09-21T01:00:00Z,2,22,1592.8,1630.1,1686.4
pool-brazilsouth-01-amd-genoa,2026-09-21T02:00:00Z,3,23,1593.4,1638.6,1691.9
pool-brazilsouth-01-amd-genoa,2026-09-21T03:00:00Z,4,0,1848.8,1912.2,1973.2
pool-brazilsouth-01-amd-genoa,2026-09-21T04:00:00Z,5,1,1905.1,1950.0,2002.6
pool-brazilsouth-01-amd-genoa,2026-09-21T05:00:00Z,6,2,1923.8,1965.5,2027.9
pool-brazilsouth-01-amd-genoa,2026-09-21T06:00:00Z,7,3,1900.3,1939.9,2013.4
pool-brazilsouth-01-amd-genoa,2026-09-21T07:00:00Z,8,4,1859.7,1931.8,2001.3
pool-brazilsouth-01-amd-genoa,2026-09-21T08:00:00Z,9,5,1870.3,1939.3,2015.2
pool-brazilsouth-01-amd-genoa,2026-09-21T09:00:00Z,10,6,1911.3,1961.2,2032.0
pool-brazilsouth-01-amd-genoa,2026-09-21T10:00:00Z,11,7,1946.8,1989.2,2049.6
pool-brazilsouth-01-amd-genoa,2026-09-21T11:00:00Z,12,8,1997.2,2045.8,2129.3
pool-brazilsouth-01-amd-genoa,2026-09-21T12:00:00Z,13,9,2026.1,2078.8,2145.3
pool-brazilsouth-01-amd-genoa,2026-09-21T13:00:00Z,14,10,2068.7,2121.5,2200.7
pool-brazilsouth-01-amd-genoa,2026-09-21T14:00:00Z,15,11,2121.2,2173.2,2237.8
pool-brazilsouth-01-amd-genoa,2026-09-21T15:00:00Z,16,12,2130.4,2184.7,2252.2
pool-brazilsouth-01-amd-genoa,2026-09-21T16:00:00Z,17,13,2143.4,2190.5,2257.3
pool-brazilsouth-01-amd-genoa,2026-09-21T17:00:00Z,18,14,2127.4,2184.1,2253.4
pool-brazilsouth-01-amd-genoa,2026-09-21T18:00:00Z,19,15,2097.5,2156.4,2238.2
pool-brazilsouth-01-amd-genoa,2026-09-21T19:00:00Z,20,16,2023.3,2083.1,2153.7
pool-brazilsouth-01-amd-genoa,2026-09-21T20:00:00Z,21,17,1959.2,2027.6,2098.4
pool-brazilsouth-01-amd-genoa,2026-09-21T21:00:00Z,22,18,1931.0,1985.7,2050.8
pool-brazilsouth-01-amd-genoa,2026-09-21T22:00:00Z,23,19,1895.7,1964.7,2030.8
pool-brazilsouth-01-amd-genoa,2026-09-21T23:00:00Z,24,20,1849.3,1923.3,1969.3
pool-brazilsouth-01-amd-genoa,2026-09-22T00:00:00Z,25,21,1855.7,1919.6,1969.0
pool-brazilsouth-01-amd-genoa,2026-09-22T01:00:00Z,26,22,1819.3,1906.2,1950.8
pool-brazilsouth-01-amd-genoa,2026-09-22T02:00:00Z,27,23,1840.7,1918.1,1959.4
pool-brazilsouth-01-amd-genoa,2026-09-22T03:00:00Z,28,0,1915.0,1986.3,2037.0
pool-brazilsouth-01-amd-genoa,2026-09-22T04:00:00Z,29,1,1956.8,2024.8,2083.5
pool-brazilsouth-01-amd-genoa,2026-09-22T05:00:00Z,30,2,1959.7,2022.3,2083.2
pool-brazilsouth-01-amd-genoa,2026-09-22T06:00:00Z,31,3,1931.0,1992.5,2054.4
pool-brazilsouth-01-amd-genoa,2026-09-22T07:00:00Z,32,4,1924.4,1980.5,2049.6
pool-brazilsouth-01-amd-genoa,2026-09-22T08:00:00Z,33,5,1930.8,1998.0,2063.9
pool-brazilsouth-01-amd-genoa,2026-09-22T09:00:00Z,34,6,1958.5,2021.0,2094.1
pool-brazilsouth-01-amd-genoa,2026-09-22T10:00:00Z,35,7,1991.5,2069.6,2148.2
pool-brazilsouth-01-amd-genoa,2026-09-22T11:00:00Z,36,8,2046.3,2123.2,2192.2
pool-brazilsouth-01-amd-genoa,2026-09-22T12:00:00Z,37,9,2084.4,2168.0,2237.9
pool-brazilsouth-01-amd-genoa,2026-09-22T13:00:00Z,38,10,2150.7,2228.8,2273.5
pool-brazilsouth-01-amd-genoa,2026-09-22T14:00:00Z,39,11,2192.4,2276.1,2324.3
pool-brazilsouth-01-amd-genoa,2026-09-22T15:00:00Z,40,12,2198.6,2292.2,2349.5
pool-brazilsouth-01-amd-genoa,2026-09-22T16:00:00Z,41,13,2196.9,2287.2,2341.2
pool-brazilsouth-01-amd-genoa,2026-09-22T17:00:00Z,42,14,2189.7,2279.4,2313.4
pool-brazilsouth-01-amd-genoa,2026-09-22T18:00:00Z,43,15,2141.2,2243.3,2298.9
pool-brazilsouth-01-amd-genoa,2026-09-22T19:00:00Z,44,16,2083.1,2175.5,2229.7
pool-brazilsouth-01-amd-genoa,2026-09-22T20:00:00Z,45,17,2043.1,2131.3,2188.7
pool-brazilsouth-01-amd-genoa,2026-09-22T21:00:00Z,46,18,2001.9,2090.8,2156.2
pool-brazilsouth-01-amd-genoa,2026-09-22T22:00:00Z,47,19,1945.9,2020.9,2093.7
pool-brazilsouth-01-amd-genoa,2026-09-22T23:00:00Z,48,20,1924.6,1992.1,2065.2
pool-brazilsouth-01-amd-genoa,2026-09-23T00:00:00Z,49,21,1908.8,1981.3,2040.1
pool-brazilsouth-01-amd-genoa,2026-09-23T01:00:00Z,50,22,1910.2,1971.8,2038.8
pool-brazilsouth-01-amd-genoa,2026-09-23T02:00:00Z,51,23,1910.7,1968.0,2024.5
pool-brazilsouth-01-amd-genoa,2026-09-23T03:00:00Z,52,0,1925.6,1987.6,2064.5
pool-brazilsouth-01-amd-genoa,2026-09-23T04:00:00Z,53,1,1955.2,2018.7,2095.3
pool-brazilsouth-01-amd-genoa,2026-09-23T05:00:00Z,54,2,1960.3,2022.7,2088.7
pool-brazilsouth-01-amd-genoa,2026-09-23T06:00:00Z,55,3,1937.4,2009.6,2068.0
pool-brazilsouth-01-amd-genoa,2026-09-23T07:00:00Z,56,4,1930.4,2005.4,2065.5
pool-brazilsouth-01-amd-genoa,2026-09-23T08:00:00Z,57,5,1938.2,2010.0,2071.9
pool-brazilsouth-01-amd-genoa,2026-09-23T09:00:00Z,58,6,1958.2,2030.8,2097.4
pool-brazilsouth-01-amd-genoa,2026-09-23T10:00:00Z,59,7,1985.9,2074.9,2142.4
pool-brazilsouth-01-amd-genoa,2026-09-23T11:00:00Z,60,8,2045.6,2127.6,2194.9
pool-brazilsouth-01-amd-genoa,2026-09-23T12:00:00Z,61,9,2102.9,2176.6,2241.1
pool-brazilsouth-01-amd-genoa,2026-09-23T13:00:00Z,62,10,2151.8,2225.0,2278.6
pool-brazilsouth-01-amd-genoa,2026-09-23T14:00:00Z,63,11,2196.8,2280.2,2324.5
pool-brazilsouth-01-amd-genoa,2026-09-23T15:00:00Z,64,12,2200.0,2287.0,2340.2
pool-brazilsouth-01-amd-genoa,2026-09-23T16:00:00Z,65,13,2199.5,2285.3,2338.2
pool-brazilsouth-01-amd-genoa,2026-09-23T17:00:00Z,66,14,2192.5,2278.4,2316.8
pool-brazilsouth-01-amd-genoa,2026-09-23T18:00:00Z,67,15,2147.9,2247.0,2306.7
pool-brazilsouth-01-amd-genoa,2026-09-23T19:00:00Z,68,16,2085.5,2184.5,2235.4
pool-brazilsouth-01-amd-genoa,2026-09-23T20:00:00Z,69,17,2022.9,2126.2,2205.1
pool-brazilsouth-01-amd-genoa,2026-09-23T21:00:00Z,70,18,1990.1,2094.6,2165.7
pool-brazilsouth-01-amd-genoa,2026-09-23T22:00:00Z,71,19,1947.3,2025.3,2088.4
pool-brazilsouth-01-amd-genoa,2026-09-23T23:00:00Z,72,20,1931.5,1998.0,2069.9
pool-brazilsouth-01-amd-genoa,2026-09-24T00:00:00Z,73,21,1907.4,1989.4,2055.6
pool-brazilsouth-01-amd-genoa,2026-09-24T01:00:00Z,74,22,1906.1,1980.7,2042.2
pool-brazilsouth-01-amd-genoa,2026-09-24T02:00:00Z,75,23,1906.0,1980.9,2034.3
pool-brazilsouth-01-amd-genoa,2026-09-24T03:00:00Z,76,0,1905.7,1992.2,2074.9
pool-brazilsouth-01-amd-genoa,2026-09-24T04:00:00Z,77,1,1945.0,2011.2,2112.4
pool-brazilsouth-01-amd-genoa,2026-09-24T05:00:00Z,78,2,1941.0,2006.5,2105.2
pool-brazilsouth-01-amd-genoa,2026-09-24T06:00:00Z,79,3,1922.2,1998.3,2067.3
pool-brazilsouth-01-amd-genoa,2026-09-24T07:00:00Z,80,4,1908.8,1978.5,2044.9
pool-brazilsouth-01-amd-genoa,2026-09-24T08:00:00Z,81,5,1910.9,1980.4,2046.3
pool-brazilsouth-01-amd-genoa,2026-09-24T09:00:00Z,82,6,1925.7,2010.4,2079.1
pool-brazilsouth-01-amd-genoa,2026-09-24T10:00:00Z,83,7,1952.6,2046.2,2125.9
pool-brazilsouth-01-amd-genoa,2026-09-24T11:00:00Z,84,8,2003.5,2096.2,2165.7
pool-brazilsouth-01-amd-genoa,2026-09-24T12:00:00Z,85,9,2056.1,2155.9,2223.3
pool-brazilsouth-01-amd-genoa,2026-09-24T13:00:00Z,86,10,2101.1,2200.2,2257.7
pool-brazilsouth-01-amd-genoa,2026-09-24T14:00:00Z,87,11,2160.6,2249.8,2302.8
pool-brazilsouth-01-amd-genoa,2026-09-24T15:00:00Z,88,12,2170.1,2257.2,2323.4
pool-brazilsouth-01-amd-genoa,2026-09-24T16:00:00Z,89,13,2165.1,2256.1,2320.8
pool-brazilsouth-01-amd-genoa,2026-09-24T17:00:00Z,90,14,2151.8,2252.2,2316.4
pool-brazilsouth-01-amd-genoa,2026-09-24T18:00:00Z,91,15,2110.3,2221.2,2296.9
pool-brazilsouth-01-amd-genoa,2026-09-24T19:00:00Z,92,16,2042.2,2144.4,2212.5
pool-brazilsouth-01-amd-genoa,2026-09-24T20:00:00Z,93,17,2007.2,2099.6,2174.4
pool-brazilsouth-01-amd-genoa,2026-09-24T21:00:00Z,94,18,1967.2,2062.2,2140.4
pool-brazilsouth-01-amd-genoa,2026-09-24T22:00:00Z,95,19,1938.2,2025.8,2095.4
pool-brazilsouth-01-amd-genoa,2026-09-24T23:00:00Z,96,20,1919.2,1987.7,2056.1
pool-brazilsouth-01-amd-genoa,2026-09-25T00:00:00Z,97,21,1915.1,1984.0,2042.0
pool-brazilsouth-01-amd-genoa,2026-09-25T01:00:00Z,98,22,1878.5,1943.5,2003.9
pool-brazilsouth-01-amd-genoa,2026-09-25T02:00:00Z,99,23,1875.9,1940.5,1992.5
pool-brazilsouth-01-amd-genoa,2026-09-25T03:00:00Z,100,0,1848.6,1916.6,1981.0
pool-brazilsouth-01-amd-genoa,2026-09-25T04:00:00Z,101,1,1868.1,1935.3,2007.9
pool-brazilsouth-01-amd-genoa,2026-09-25T05:00:00Z,102,2,1883.4,1943.3,2007.3
pool-brazilsouth-01-amd-genoa,2026-09-25T06:00:00Z,103,3,1869.6,1938.8,2012.1
pool-brazilsouth-01-amd-genoa,2026-09-25T07:00:00Z,104,4,1854.5,1930.8,2004.9
pool-brazilsouth-01-amd-genoa,2026-09-25T08:00:00Z,105,5,1866.6,1937.7,2009.6
pool-brazilsouth-01-amd-genoa,2026-09-25T09:00:00Z,106,6,1921.9,1978.5,2044.1
pool-brazilsouth-01-amd-genoa,2026-09-25T10:00:00Z,107,7,1951.2,2035.3,2106.8
pool-brazilsouth-01-amd-genoa,2026-09-25T11:00:00Z,108,8,2004.3,2083.3,2158.6
pool-brazilsouth-01-amd-genoa,2026-09-25T12:00:00Z,109,9,2052.7,2143.5,2222.2
pool-brazilsouth-01-amd-genoa,2026-09-25T13:00:00Z,110,10,2089.8,2212.1,2267.8
pool-brazilsouth-01-amd-genoa,2026-09-25T14:00:00Z,111,11,2128.7,2215.9,2298.7
pool-brazilsouth-01-amd-genoa,2026-09-25T15:00:00Z,112,12,2137.5,2220.0,2301.9
pool-brazilsouth-01-amd-genoa,2026-09-25T16:00:00Z,113,13,2133.2,2217.6,2297.7
pool-brazilsouth-01-amd-genoa,2026-09-25T17:00:00Z,114,14,2103.3,2210.2,2277.6
pool-brazilsouth-01-amd-genoa,2026-09-25T18:00:00Z,115,15,2073.8,2165.6,2247.4
pool-brazilsouth-01-amd-genoa,2026-09-25T19:00:00Z,116,16,2034.3,2123.5,2180.0
pool-brazilsouth-01-amd-genoa,2026-09-25T20:00:00Z,117,17,1969.1,2036.1,2125.4
pool-brazilsouth-01-amd-genoa,2026-09-25T21:00:00Z,118,18,1934.6,2009.9,2086.6
pool-brazilsouth-01-amd-genoa,2026-09-25T22:00:00Z,119,19,1879.9,1954.9,2029.1
pool-brazilsouth-01-amd-genoa,2026-09-25T23:00:00Z,120,20,1858.3,1925.3,1989.8
pool-brazilsouth-01-amd-genoa,2026-09-26T00:00:00Z,121,21,1852.6,1914.6,1980.5
pool-brazilsouth-01-amd-genoa,2026-09-26T01:00:00Z,122,22,1829.8,1902.5,1954.6
pool-brazilsouth-01-amd-genoa,2026-09-26T02:00:00Z,123,23,1835.8,1904.6,1959.8
pool-brazilsouth-01-amd-genoa,2026-09-26T03:00:00Z,124,0,1665.2,1721.0,1798.3
pool-brazilsouth-01-amd-genoa,2026-09-26T04:00:00Z,125,1,1684.2,1742.6,1793.2
pool-brazilsouth-01-amd-genoa,2026-09-26T05:00:00Z,126,2,1689.4,1748.0,1799.9
pool-brazilsouth-01-amd-genoa,2026-09-26T06:00:00Z,127,3,1672.3,1722.8,1791.1
pool-brazilsouth-01-amd-genoa,2026-09-26T07:00:00Z,128,4,1664.1,1711.2,1781.5
pool-brazilsouth-01-amd-genoa,2026-09-26T08:00:00Z,129,5,1668.1,1714.0,1783.3
pool-brazilsouth-01-amd-genoa,2026-09-26T09:00:00Z,130,6,1687.3,1738.7,1797.6
pool-brazilsouth-01-amd-genoa,2026-09-26T10:00:00Z,131,7,1728.7,1802.1,1853.8
pool-brazilsouth-01-amd-genoa,2026-09-26T11:00:00Z,132,8,1802.1,1864.8,1934.9
pool-brazilsouth-01-amd-genoa,2026-09-26T12:00:00Z,133,9,1861.3,1922.3,1990.5
pool-brazilsouth-01-amd-genoa,2026-09-26T13:00:00Z,134,10,1917.2,1976.4,2046.4
pool-brazilsouth-01-amd-genoa,2026-09-26T14:00:00Z,135,11,1935.9,2004.9,2080.7
pool-brazilsouth-01-amd-genoa,2026-09-26T15:00:00Z,136,12,1955.2,2032.4,2112.4
pool-brazilsouth-01-amd-genoa,2026-09-26T16:00:00Z,137,13,1951.3,2032.6,2110.8
pool-brazilsouth-01-amd-genoa,2026-09-26T17:00:00Z,138,14,1939.2,2004.9,2080.0
pool-brazilsouth-01-amd-genoa,2026-09-26T18:00:00Z,139,15,1875.4,1940.2,2010.7
pool-brazilsouth-01-amd-genoa,2026-09-26T19:00:00Z,140,16,1820.9,1887.7,1951.3
pool-brazilsouth-01-amd-genoa,2026-09-26T20:00:00Z,141,17,1789.5,1859.2,1915.8
pool-brazilsouth-01-amd-genoa,2026-09-26T21:00:00Z,142,18,1733.6,1804.9,1844.3
pool-brazilsouth-01-amd-genoa,2026-09-26T22:00:00Z,143,19,1700.0,1757.5,1809.7
pool-brazilsouth-01-amd-genoa,2026-09-26T23:00:00Z,144,20,1670.5,1726.4,1766.3
pool-brazilsouth-01-amd-genoa,2026-09-27T00:00:00Z,145,21,1652.1,1706.0,1763.4
pool-brazilsouth-01-amd-genoa,2026-09-27T01:00:00Z,146,22,1647.3,1698.1,1742.5
pool-brazilsouth-01-amd-genoa,2026-09-27T02:00:00Z,147,23,1653.8,1708.8,1758.8
pool-brazilsouth-01-amd-genoa,2026-09-27T03:00:00Z,148,0,1634.4,1689.3,1740.8
pool-brazilsouth-01-amd-genoa,2026-09-27T04:00:00Z,149,1,1669.1,1723.5,1765.2
pool-brazilsouth-01-amd-genoa,2026-09-27T05:00:00Z,150,2,1668.1,1731.5,1773.5
pool-brazilsouth-01-amd-genoa,2026-09-27T06:00:00Z,151,3,1645.0,1700.4,1759.6
pool-brazilsouth-01-amd-genoa,2026-09-27T07:00:00Z,152,4,1636.0,1683.8,1736.2
pool-brazilsouth-01-amd-genoa,2026-09-27T08:00:00Z,153,5,1638.3,1687.4,1737.7
pool-brazilsouth-01-amd-genoa,2026-09-27T09:00:00Z,154,6,1663.2,1715.1,1764.3
pool-brazilsouth-01-amd-genoa,2026-09-27T10:00:00Z,155,7,1693.8,1754.8,1796.1
pool-brazilsouth-01-amd-genoa,2026-09-27T11:00:00Z,156,8,1750.1,1819.6,1881.5
pool-brazilsouth-01-amd-genoa,2026-09-27T12:00:00Z,157,9,1820.2,1884.8,1935.1
pool-brazilsouth-01-amd-genoa,2026-09-27T13:00:00Z,158,10,1857.0,1923.3,1975.2
pool-brazilsouth-01-amd-genoa,2026-09-27T14:00:00Z,159,11,1881.9,1941.2,2000.6
pool-brazilsouth-01-amd-genoa,2026-09-27T15:00:00Z,160,12,1884.0,1951.6,2007.2
pool-brazilsouth-01-amd-genoa,2026-09-27T16:00:00Z,161,13,1918.6,1972.6,2038.7
pool-brazilsouth-01-amd-genoa,2026-09-27T17:00:00Z,162,14,1880.1,1948.0,2012.9
pool-brazilsouth-01-amd-genoa,2026-09-27T18:00:00Z,163,15,1865.0,1934.0,1989.7
pool-brazilsouth-01-amd-genoa,2026-09-27T19:00:00Z,164,16,1827.2,1898.3,1951.3
pool-brazilsouth-01-amd-genoa,2026-09-27T20:00:00Z,165,17,1773.4,1852.8,1898.0
pool-brazilsouth-01-amd-genoa,2026-09-27T21:00:00Z,166,18,1710.2,1777.4,1827.6
pool-brazilsouth-01-amd-genoa,2026-09-27T22:00:00Z,167,19,1666.9,1723.4,1761.4
pool-brazilsouth-01-amd-genoa,2026-09-27T23:00:00Z,168,20,1639.5,1695.6,1752.2
